,0
 ,1
‡πÑ‡∏°‡πà,2
‡∏Å‡πá,3
‡∏à‡∏∞,4
‡πÄ‡∏•‡∏¢,5
‡πÑ‡∏î‡πâ,6
‡∏°‡∏µ,7
‡πÑ‡∏õ,8
‡∏ô‡∏∞,9
‡∏Ñ‡∏ô,10
‡∏°‡∏≤,11
‡∏ó‡∏µ‡πà,12
‡πÅ‡∏•‡πâ‡∏ß,13
‡∏°‡∏∂‡∏á,14
‡πÄ‡∏õ‡πá‡∏ô,15
‡∏ß‡πà‡∏≤,16
‡∏Å‡∏π,17
‡πÜ,18
‡∏°‡∏±‡∏ô,19
‡πÄ‡∏Ç‡∏≤,20
‡πÉ‡∏´‡πâ,21
‡∏ô‡∏µ‡πà,22
‡∏î‡∏π,23
‡∏¢‡∏±‡∏á,24
‡∏´‡∏£‡∏≠,25
‡∏≠‡∏¢‡∏≤‡∏Å,26
‡πÅ‡∏ï‡πà,27
‡∏ó‡∏≥,28
‡∏°‡∏≤‡∏Å,29
‡∏ô‡∏µ‡πâ,30
‡πÅ‡∏ö‡∏ö,31
‡∏ï‡∏±‡∏ß‡πÄ‡∏≠‡∏á,32
‡∏Ñ‡∏∑‡∏≠,33
‡∏≠‡∏¢‡∏π‡πà,34
‡πÄ‡∏≠‡∏≤,35
‡∏£‡∏π‡πâ,36
‡πÅ‡∏ö‡∏ö‡∏ô‡∏µ‡πâ,37
‡∏Å‡∏±‡∏ö,38
‡∏≠‡∏µ,39
‡∏ô‡∏±‡πâ‡∏ô,40
‡∏≠‡∏∞‡πÑ‡∏£,41
‡πÉ‡∏ô,42
‡∏Ñ‡∏¥‡∏î,43
‡∏î‡∏µ,44
‡∏ï‡πâ‡∏≠‡∏á,45
‡∏Ñ‡πà‡∏∞,46
‡∏Ç‡∏≠‡∏á,47
‡πÉ‡∏Ñ‡∏£,48
‡πÅ‡∏•‡∏∞,49
‡πÄ‡∏£‡∏≤,50
‡∏Ñ‡∏∏‡∏ì,51
‡∏ñ‡πâ‡∏≤,52
‡∏ï‡∏ö,53
‡∏Å‡∏±‡∏ô,54
‡∏ä‡∏≠‡∏ö,55
‡πÄ‡∏´‡πá‡∏ô,56
‡∏≠‡∏µ‡∏Å,57
‡∏à‡πâ‡∏≤,58
‡∏≠‡πà‡∏∞,59
‡∏û‡∏ß‡∏Å,60
‡∏Ç‡∏ô‡∏≤‡∏î,61
‡∏≠‡∏¢‡πà‡∏≤,62
‡πÄ‡∏û‡∏£‡∏≤‡∏∞,63
‡πÄ‡∏ò‡∏≠,64
‡∏ö‡πâ‡∏≤‡∏á,65
‡∏ö‡∏≠‡∏Å,66
‡∏Ñ‡∏£‡∏±‡∏ö,67
‡πÇ‡∏á‡πà,68
‡πÄ‡∏£‡∏∑‡πà‡∏≠‡∏á,69
‡∏´‡∏ô‡πâ‡∏≤,70
‡πÅ‡∏Ñ‡πà,71
‡∏™‡∏¥,72
‡∏ó‡∏≥‡πÑ‡∏°,73
‡∏´‡∏£‡∏∑‡∏≠,74
‡∏ï‡∏≤‡∏¢,75
‡∏à‡∏£‡∏¥‡∏á‡πÜ,76
‡πÄ‡∏à‡∏≠,77
‡∏ô‡∏∞‡∏Ñ‡∏∞,78
‡∏Ç‡∏≠,79
‡πÄ‡∏î‡πá‡∏Å,80
‡∏û‡∏π‡∏î,81
‡∏Ñ‡∏ß‡∏≤‡∏¢,82
‡∏™‡∏°‡∏≠‡∏á,83
‡πÄ‡∏´‡∏°‡∏∑‡∏≠‡∏ô,84
‡πÄ‡∏Ñ‡∏¢,85
‡∏Ñ‡∏∞,86
‡πÑ‡∏´‡∏ô,87
‚Äã,88
‡∏Å‡∏ß‡πà‡∏≤,89
‡∏Ñ‡∏ô‡∏≠‡∏∑‡πà‡∏ô,90
‡∏≠‡∏¢‡πà‡∏≤‡∏á,91
‡πÑ‡∏á,92
‡∏ô‡∏°,93
‡πÉ‡∏ä‡πà,94
‡∏û‡∏≠,95
‡∏û‡∏µ‡πà,96
‡∏°‡∏±‡πâ‡∏¢,97
‡∏ú‡∏π‡πâ‡∏´‡∏ç‡∏¥‡∏á,98
‡πÅ‡∏°‡πà,99
‡∏î‡πâ‡∏ß‡∏¢,100
‡∏à‡∏£‡∏¥‡∏á,101
‡∏Å‡∏≤‡∏£,102
‡∏ô‡πâ‡∏≠‡∏á,103
‡∏ï‡∏±‡∏ß,104
‡∏Å‡∏¥‡∏ô,105
‡πÄ‡∏≠‡∏á,106
‡∏ô‡∏±‡πà‡∏ô,107
‡πÑ‡∏ß‡πâ,108
‡∏ú‡∏π‡πâ‡∏ä‡∏≤‡∏¢,109
‡∏™‡∏ß‡∏¢,110
‡∏ö‡πâ‡∏≤‡∏ô,111
‡πÄ‡∏Ñ‡πâ‡∏≤,112
#,113
‡πÄ‡∏´‡∏µ‡πâ‡∏¢,114
‡πÄ‡∏û‡∏∑‡πà‡∏≠‡∏ô,115
‡∏´‡∏ô‡πà‡∏≠‡∏¢,116
‡∏ó‡∏≥‡πÉ‡∏´‡πâ,117
‡∏≠‡∏∞,118
‡∏ï‡∏≠‡∏ô,119
‡∏£‡∏π‡πâ‡∏à‡∏±‡∏Å,120
‡∏•‡∏∞,121
‡∏ô‡∏≤‡∏á,122
‡πÑ‡∏´‡∏°,123
‡∏ñ‡∏∂‡∏á,124
‡∏â‡∏±‡∏ô,125
‡∏´‡∏°‡∏î,126
‡∏´‡∏£‡∏≠‡∏Å,127
‡πÄ‡∏´‡∏¢‡∏µ‡∏¢‡∏î,128
‡πÄ‡∏Å‡πà‡∏á,129
‡∏Å‡πà‡∏≠‡∏ô,130
‡∏à‡∏≤‡∏Å,131
‡∏î‡πà‡∏≤,132
‡∏à‡∏±‡∏ö,133
‡∏ï‡πà‡∏≠‡∏¢,134
‡∏•‡πà‡∏∞,135
‡πÉ‡∏´‡∏ç‡πà,136
‡∏¢‡∏±‡∏á‡πÑ‡∏á,137
‡∏°‡∏≠‡∏á,138
‡πÑ‡∏£,139
‡∏ö‡∏≤‡∏á‡∏Ñ‡∏ô,140
‡∏ô‡πà‡∏≤,141
‡∏õ‡πà‡∏≤‡∏ß,142
‡πÅ‡∏ô‡πà,143
‡∏ñ‡∏≤‡∏°,144
‡∏õ‡∏≤‡∏Å,145
‡πÄ‡∏£‡∏µ‡∏¢‡∏Å,146
‡πÄ‡∏¢‡∏≠‡∏∞,147
‡∏™‡∏∏‡∏î,148
‡∏™‡∏¥‡πà‡∏á,149
‡∏•‡∏á,150
‡∏á‡∏á,151
‡πÉ‡∏ä‡πâ,152
‡∏™‡∏±‡∏ï‡∏ß‡πå,153
‡∏Ñ‡∏ß‡∏£,154
‡∏ô‡∏±‡πà‡∏á,155
‡∏õ‡∏£‡∏∞‡∏à‡∏≤‡∏ô,156
‡πÄ‡∏î‡∏µ‡πã‡∏¢‡∏ß,157
‡∏à‡∏±‡∏î,158
‡∏Ñ‡∏á,159
‡∏Ñ‡∏£‡∏π,160
‡πÇ‡∏ï,161
‡∏î‡∏¥,162
‡∏â‡∏•‡∏≤‡∏î,163
‡∏à‡∏±‡∏á,164
‡∏™‡∏•‡∏¥‡πà‡∏°,165
‡∏Ñ‡∏ß‡∏≤‡∏°,166
‡πÇ‡∏î‡∏ô,167
‡πÑ‡∏≠,168
‡∏≠‡πâ‡∏ß‡∏ô,169
‡πÄ‡∏•‡πà‡∏ô,170
‡∏Å‡πâ,171
‡πÉ‡∏™‡πà,172
‡∏≠‡∏≠‡∏Å,173
?,174
‡πÄ‡∏Ç‡πâ‡∏≤‡πÉ‡∏à,175
‡∏õ‡∏£‡∏∞‡πÄ‡∏ó‡∏®,176
‡∏õ‡πà‡∏∞,177
‡πÄ‡∏ô‡∏µ‡πà‡∏¢,178
‡πÅ‡∏Å,179
‡∏ú‡∏±‡∏ß,180
‡πÑ‡∏´‡∏ß,181
!,182
‡∏ó‡∏∏‡∏Å‡∏Ñ‡∏ô,183
‡πÇ‡∏ó‡∏©,184
‡∏õ‡πà‡∏ß‡∏¢,185
‡∏á,186
‡πÅ‡∏Ñ‡πà‡∏ô‡∏µ‡πâ,187
‡∏ó‡∏≥‡∏ï‡∏±‡∏ß,188
‡∏ó‡∏≤‡∏á,189
..,190
‡∏ó‡∏±‡πâ‡∏á,191
‡∏ú‡∏¥‡∏î,192
‡∏ú‡∏°,193
‡∏î‡∏≥,194
‡πÅ‡∏ü‡∏ô,195
‡∏≠‡∏≤‡∏à‡∏≤‡∏£‡∏¢‡πå,196
‡πÄ‡∏£‡∏µ‡∏¢‡∏ô,197
‡πÄ‡∏´‡∏°‡∏∑‡∏≠‡∏ô‡∏Å‡∏±‡∏ô,198
‡∏Å‡∏£‡∏∞,199
‡∏ñ‡∏π‡∏Å,200
‡∏ß‡∏±‡∏ô‡∏ô‡∏µ‡πâ,201
‡∏Å‡∏•‡∏±‡∏ß,202
‡∏û‡πà‡∏≠,203
‡∏£‡πà‡∏≤‡∏ô,204
‡πÄ‡∏Ç‡πâ‡∏≤‡∏°‡∏≤,205
‡∏Ñ‡∏ß‡∏≤‡∏°‡∏Ñ‡∏¥‡∏î,206
‡πÄ‡∏´‡∏≠‡∏∞,207
‡∏ó‡∏≥‡πÄ‡∏õ‡πá‡∏ô,208
‡∏ó‡∏±‡πà‡∏ß,209
‡∏à‡∏ô,210
‡πÅ‡∏ï‡∏Å,211
‡∏ä‡πà‡∏ß‡∏¢,212
‡πÑ‡∏°‡πà‡∏ï‡πâ‡∏≠‡∏á,213
‡∏£‡∏±‡∏Å,214
‡∏´‡∏°‡∏≤,215
‡πÄ‡∏ñ‡∏≠‡∏∞,216
‡πÉ‡∏´‡∏°‡πà,217
‡∏£‡∏≠,218
‡∏ô‡∏¥‡∏™‡∏±‡∏¢,219
‡∏´‡πâ‡∏≠‡∏á,220
‡∏ã‡∏¥‡∏á,221
‡∏≠‡πà‡∏≤‡∏ô,222
‡∏ä‡∏µ‡∏ß‡∏¥‡∏ï,223
‡∏ß‡πà‡∏∞,224
‡πÄ‡∏´‡∏£‡∏≠,225
‡∏™‡∏≥‡∏Ñ‡∏±‡∏ç,226
‡∏Å‡∏•‡∏∏‡πà‡∏°,227
‡∏õ‡∏±‡∏ç‡∏ç‡∏≤,228
‡πÅ‡∏î‡∏Å,229
‡∏ô‡πâ‡∏≥,230
‡∏ô‡πà‡∏≤‡∏à‡∏∞,231
‡πÄ‡∏ô‡∏≠‡∏∞,232
‡πÅ‡∏â,233
‡πÄ‡∏Ç‡∏µ‡∏¢‡∏ô,234
‡πÄ‡∏Å‡∏¥‡∏ô,235
...,236
‡∏≠‡∏≠‡∏Å‡∏°‡∏≤,237
‡πÉ‡∏à,238
555,239
‡πÄ‡∏ú‡∏≤,240
‡∏Ç‡∏≤‡∏¢,241
‡∏£‡∏∂,242
‡∏Å‡∏•‡∏±‡∏ö,243
‡∏Å‡∏•‡πâ‡∏≤,244
‡∏´‡∏≤,245
‡∏ß‡∏±‡∏ô,246
‡πÉ‡∏´‡∏ô,247
‡∏Å‡∏•‡πâ‡∏ß‡∏¢,248
‡∏û‡∏£‡πâ‡∏≠‡∏°,249
‡πÄ,250
‡∏Ç‡∏µ‡πâ,251
‡∏ß‡∏∞,252
‡∏•‡∏π‡∏Å,253
‡∏™‡∏á‡∏™‡∏≤‡∏£,254
‡∏´‡∏•‡∏≤‡∏¢,255
‡∏¢,256
‡πÇ‡∏•‡∏Å,257
‡∏ä‡∏∏‡∏î,258
‡∏ã‡∏∑‡πâ‡∏≠,259
‡∏ï‡∏≤‡∏°,260
‡∏´‡∏ô‡∏±‡∏á,261
‡∏´‡∏≠‡∏¢,262
‡∏™‡∏±‡∏ô‡∏î‡∏≤‡∏ô,263
‡πÅ‡∏´‡∏•‡∏∞,264
55555,265
‡∏ï‡∏≠‡∏ô‡∏ô‡∏µ‡πâ,266
‡∏Ç‡∏∂‡πâ‡∏ô,267
‡∏ô‡πà‡∏∞,268
‡∏à‡∏ö,269
‡πÄ‡∏°‡∏∑‡πà‡∏≠,270
‡∏ö‡∏ó,271
5555,272
‡∏Ñ‡∏∏‡∏¢,273
‡∏õ‡∏•‡∏≠‡∏°,274
‡πÅ‡∏≠‡∏ö,275
‡πÅ‡∏ï‡πà‡∏á,276
‡∏£‡∏π‡πâ‡∏™‡∏∂‡∏Å,277
‡∏ó‡∏ß‡∏¥,278
‡∏ï,279
‡πÄ‡∏î‡∏¥‡∏ô,280
‡∏ï‡∏£‡∏á,281
‡∏ó‡∏∏‡∏Å,282
‡∏ï‡∏µ‡∏ô,283
‡∏ô‡∏≤‡∏¢‡∏Å,284
‡∏õ‡∏±‡∏ç‡∏ç‡∏≤‡∏≠‡πà‡∏≠‡∏ô,285
‡∏ï‡πà‡∏≠,286
‡∏™‡∏ô‡πÉ‡∏à,287
‡∏•‡∏ö,288
‡∏ü‡∏±‡∏á,289
‡∏ó‡∏≥‡∏ï‡∏≤‡∏°,290
‡∏ö‡∏≤‡∏á,291
‡∏Å‡∏≤‡∏Å,292
‡∏Ñ‡∏ô‡πÄ‡∏î‡∏µ‡∏¢‡∏ß,293
‡∏õ‡∏µ,294
‡∏£‡∏±‡∏ö,295
‡πÄ‡∏Å‡∏•‡∏µ‡∏¢‡∏î,296
‡∏Ñ‡∏ß‡∏≤‡∏°‡∏•‡∏±‡∏ö,297
‡∏Ñ,298
‡∏ö‡∏≠,299
‡∏Å‡∏Å,300
‡∏ô‡∏≤‡∏á‡πÄ‡∏≠‡∏Å,301
‡∏ú‡∏π‡πâ,302
‡∏ä‡∏∑‡πà‡∏≠,303
‡∏ó‡∏±‡πâ‡∏á‡∏ô‡∏±‡πâ‡∏ô,304
‡πÑ‡∏î‡πâ‡∏î‡∏µ,305
‡∏ä‡∏±‡∏î,306
‡∏Ñ‡∏≥,307
‡∏ä‡πà‡∏≠‡∏á,308
‡∏Å‡∏•‡∏±‡∏ö‡∏°‡∏≤,309
‡∏™‡∏≠‡∏ô,310
‡∏™,311
‡∏ñ‡πà‡∏≤‡∏¢,312
‡∏´‡∏±‡∏ß,313
‡∏≠‡∏≤‡∏à‡∏à‡∏∞,314
‡∏ó‡∏µ,315
‡∏Ç‡∏≠‡πÇ‡∏ó‡∏©,316
‡∏ä‡∏¥‡∏ö‡∏´‡∏≤‡∏¢,317
‡∏£‡∏¥,318
‡∏ß‡∏±‡∏ß,319
‡∏≠‡∏¢‡∏≤‡∏Å‡πÑ‡∏î‡πâ,320
‡πÄ‡∏û‡∏¥‡πà‡∏á,321
‡∏¢‡∏¥‡πà‡∏á,322
1,323
‡πÄ‡∏õ‡∏¥‡∏î‡πÇ‡∏õ‡∏á,324
‡πÄ‡∏Ç‡πâ‡∏≤,325
‡∏´‡∏ô‡πâ‡∏≤‡∏ï‡∏≤,326
‡πÄ‡∏î‡∏µ‡∏¢‡∏ß,327
‡∏Ñ‡∏•‡∏¥‡∏õ,328
‡∏û‡∏¥‡∏°‡∏û‡πå,329
‡πÅ‡∏û‡πâ,330
‡πÅ‡∏¢‡πà,331
‡∏á‡∏≤‡∏ô,332
‡πÑ‡∏°‡πà‡∏Ñ‡πà‡∏≠‡∏¢,333
‡∏≠‡∏ß‡∏î,334
‡∏™‡∏∑‡πà‡∏≠,335
‡πÄ‡∏•‡∏¥‡∏Å,336
‡πÄ‡∏™‡∏µ‡∏¢,337
‡πÄ‡∏à‡πâ‡∏≤,338
‡∏´‡∏•‡∏±‡∏á,339
‡∏Ñ‡∏ö,340
‡∏™‡∏°‡∏Ñ‡∏ß‡∏£,341
‡∏≠‡∏¥,342
‡πÄ‡∏Å‡∏¢‡πå,343
2,344
‡∏õ‡∏Å‡∏ï‡∏¥,345
‡πÄ‡∏ß‡∏•‡∏≤,346
‡∏≠‡∏≤‡∏¢,347
‡∏°‡∏≤‡∏£‡∏¢‡∏≤‡∏ó,348
‡∏Å‡∏∞,349
‡∏û‡∏≠‡∏î‡∏µ,350
‡∏ä,351
‡∏ô‡∏±‡∏Å‡πÅ‡∏™‡∏î‡∏á,352
‡πÅ‡∏ó‡∏ô,353
‡πÄ‡∏ö‡∏≤,354
‡∏£‡∏≠‡∏î,355
‡∏Å‡πá‡πÑ‡∏î‡πâ,356
‡∏¢‡∏≤‡∏¢,357
‡∏ó‡πà‡∏≤‡∏ô,358
‡∏•‡∏≠‡∏á,359
!!,360
‡πÄ‡∏ä‡∏∑‡πà‡∏≠,361
‡πÑ‡∏£‡πâ‡∏Ñ‡πà‡∏≤,362
‡∏°‡∏≤‡∏Å‡∏Å‡∏ß‡πà‡∏≤,363
‡πÇ‡∏î‡∏¢,364
‡πÄ‡∏î,365
‡∏™‡∏Å‡∏õ‡∏£‡∏Å,366
‡∏´‡∏¢‡∏∏‡∏î,367
‡πÄ‡∏õ‡∏¥‡∏î‡πÄ‡∏ú‡∏¢‡∏Ñ‡∏ß‡∏≤‡∏°‡∏•‡∏±‡∏ö,368
‡∏™‡∏±‡πà‡∏á,369
‡∏ú‡πà‡∏≤‡∏ô,370
‡∏õ‡∏∞,371
‡πÅ‡∏ñ‡∏°,372
‡∏ö‡∏ô,373
‡∏ï‡∏±‡πâ‡∏á,374
‡∏´‡∏ô‡∏π,375
‡∏•‡∏∏‡∏á,376
‡∏™‡∏±‡∏Å,377
‡∏Ç‡∏≠‡∏≠‡∏ô‡∏∏‡∏ç‡∏≤‡∏ï,378
‡πÇ‡∏û‡∏™,379
‡∏£‡∏∏‡πà‡∏ô,380
‡πÄ‡∏•‡πá‡∏Å,381
‡∏´‡∏ô‡∏∂‡πà‡∏á,382
‡πÄ‡∏ó,383
‡πÅ‡∏ô‡πà‡∏à‡∏£‡∏¥‡∏á,384
‡πÅ‡∏Å‡πâ‡∏ú‡πâ‡∏≤,385
‡∏ó‡∏µ‡πà‡∏™‡∏∏‡∏î,386
‡∏¢‡∏≠‡∏°,387
‡∏£‡∏£.,388
‡∏û‡πà‡∏≠‡πÅ‡∏°‡πà,389
‡∏û‡∏ö‡∏Å‡∏±‡∏ô,390
‡∏™‡∏µ,391
‡∏ï‡∏≤,392
‡∏´‡∏£‡∏µ‡πà,393
‡πÄ‡∏á‡∏¥‡∏ô,394
‡∏õ‡πâ‡∏≤,395
‡∏™‡∏π‡πâ,396
‡∏´‡∏•‡∏±‡∏Å‡∏ê‡∏≤‡∏ô,397
‡∏ï‡∏µ,398
‡∏Å‡∏≠‡∏î,399
‡∏•‡∏∞‡∏Ñ‡∏£,400
‡∏ô‡∏∂‡∏á,401
‡πÄ‡∏Å‡πá‡∏ö,402
‡∏™‡∏≥‡∏´‡∏£‡∏±‡∏ö,403
‡πÑ‡∏≠‡πâ,404
‡∏ô‡πà‡∏≤‡∏£‡∏±‡∏Å,405
‡∏•‡πâ‡∏°,406
‡∏î‡∏µ‡∏Å‡∏ß‡πà‡∏≤,407
‡∏¢‡∏≤‡∏ß,408
‡πÄ‡∏ï‡πá‡∏°,409
‡∏û‡∏¢‡∏≤‡∏¢‡∏≤‡∏°,410
‡∏ï‡∏£‡∏á‡∏ô‡∏±‡πâ‡∏ô,411
‡∏Ç‡∏ß‡∏±‡∏ç,412
‡πÄ‡∏≠‡∏¢,413
‡∏ô‡∏±‡∏Å,414
‡∏ô‡∏µ‡πâ‡πÅ‡∏´‡∏•‡∏∞,415
‡πÄ‡∏à‡∏µ‡∏¢‡∏°,416
‡∏ï‡πà‡∏≠‡∏´‡∏ô‡πâ‡∏≤,417
‡∏ô‡∏≤‡∏ô,418
‡∏™‡∏±‡∏™,419
‡∏£‡∏Å‡πÇ‡∏•‡∏Å,420
‡∏™‡∏±‡∏Å‡∏ó‡∏µ,421
‡∏õ‡∏¥‡∏î,422
‡∏ó‡∏≥‡∏á‡∏≤‡∏ô,423
‡πÄ‡∏™‡∏£‡πá‡∏à,424
‡∏î‡∏±‡∏Å,425
‡∏ö‡∏≤‡∏ó,426
‡∏û‡∏∂‡πà‡∏á,427
‡∏û‡∏ß‡∏Å‡πÄ‡∏£‡∏≤,428
‡∏â‡∏≠‡∏î,429
‡πÄ‡∏à,430
‡∏ä‡∏≤‡∏ß‡∏ö‡πâ‡∏≤‡∏ô,431
‡πÇ‡∏ä‡∏ß‡πå,432
‡∏ä‡∏µ‡πà,433
‡∏•‡πâ‡∏ß‡∏ô,434
‡∏ú‡∏™‡∏°,435
‡πÇ‡∏´,436
‡∏´‡∏•‡∏∏‡∏î,437
‡πÄ‡∏ó‡πà‡∏≤‡πÑ‡∏´‡∏£‡πà,438
(,439
),440
‡∏£‡∏µ,441
‡∏™‡πà‡∏á,442
‚Äù,443
‡∏£‡πâ‡∏≤‡∏ô‡∏≠‡∏≤‡∏´‡∏≤‡∏£,444
‡πÅ‡∏Å‡πà,445
‡∏î‡∏π‡πÜ,446
‡∏ô‡∏±‡∏î,447
‡∏≠‡∏±‡∏ô,448
‡∏°‡∏≤‡∏à‡∏≤‡∏Å,449
‡∏ï‡∏£‡∏£‡∏Å‡∏∞,450
.,451
‡πÇ‡∏Å‡∏á,452
‡∏™‡∏ß‡∏ô,453
‡∏ô‡∏≠‡∏ô,454
‡∏ï‡∏≠‡∏Å‡∏´‡∏ô‡πâ‡∏≤,455
‡∏≠‡∏≤‡∏à,456
‡∏´‡∏ß‡∏±‡∏á,457
‡∏Ñ‡∏ô‡πÇ‡∏á‡πà,458
‡πÅ‡∏≠,459
‡∏´‡∏±‡∏î,460
‡πÅ‡∏Ñ‡∏õ,461
‡∏ô‡∏±‡∏Å‡πÄ‡∏£‡∏µ‡∏¢‡∏ô,462
‡∏û‡∏±‡∏Å,463
‡∏õ,464
‡∏¢‡πå,465
‡∏´‡∏π,466
‡πÄ‡∏û‡∏∑‡πà‡∏≠,467
‡∏´‡∏•‡πà‡∏≠,468
‡∏¢‡∏Å‡πÄ‡∏ß‡πâ‡∏ô,469
‡∏Ñ‡∏ß‡∏≤‡∏°‡∏£‡∏π‡πâ‡∏™‡∏∂‡∏Å,470
‡πÄ‡∏ã‡∏•‡∏•‡πå,471
‡∏ä‡∏°,472
‡∏Ç‡∏≤‡∏ß,473
‡∏ß,474
‡∏õ‡∏£‡∏∞‡πÄ‡∏î‡πá‡∏ô,475
‡∏Å‡∏≥‡∏•‡∏±‡∏á‡πÉ‡∏à,476
‡πÄ‡∏à‡∏µ‡∏¢‡∏°‡∏ï‡∏±‡∏ß,477
‡πÄ‡∏™‡∏ô‡∏≠‡∏´‡∏ô‡πâ‡∏≤,478
‡∏•‡πà‡∏≤‡∏™‡∏∏‡∏î,479
‡πÄ‡∏õ‡∏•‡∏µ‡πà‡∏¢‡∏ô,480
‡πÅ‡∏õ‡∏•‡∏Å,481
‡∏£‡∏±‡∏Å‡∏©‡∏≤,482
‡∏Ñ‡∏ß‡∏≤‡∏°‡∏™‡∏∞‡∏≠‡∏≤‡∏î,483
‡∏£‡∏∞‡∏ß‡∏±‡∏á,484
‡∏£‡∏∂‡πÄ‡∏õ‡∏•‡πà‡∏≤,485
‡∏õ‡∏£‡∏∞‡∏™‡∏≤‡∏ó,486
‡πÄ‡∏û‡∏µ‡∏¢‡∏á,487
‡πÄ‡∏õ‡πá‡∏ô‡∏ö‡πâ‡∏≤,488
‡∏î‡πâ‡∏ß‡∏¢‡∏Å‡∏±‡∏ô,489
‡∏ï‡πà‡∏≤‡∏á‡πÜ,490
‡πÅ‡∏¢‡∏Å‡πÅ‡∏¢‡∏∞,491
‡∏™‡∏±‡∏á‡∏Ñ‡∏°,492
‡πÑ‡∏ó‡∏¢,493
‡∏ó‡∏±‡∏ô,494
‡πÇ‡∏£‡∏á‡πÄ‡∏£‡∏µ‡∏¢‡∏ô,495
‡πÄ‡∏õ‡∏¥‡∏î,496
7,497
‡∏Å‡∏î,498
‡∏™‡πâ‡∏ô‡∏ï‡∏µ‡∏ô,499
‡∏Æ‡∏≤,500
‡∏™‡∏≤‡∏ß,501
‡∏´‡∏≤‡∏¢,502
‡πÇ‡∏Ñ,503
‡∏£‡∏ï,504
‡∏≠‡πà‡∏≠‡∏ô‡πÅ‡∏≠,505
‡∏ó‡∏£‡∏≤‡∏ö,506
‡∏ã‡∏∞,507
‡∏ô‡∏∂‡∏Å,508
‡πÄ‡∏™‡∏µ‡∏¢‡∏á,509
‡πÄ‡∏à‡∏≠‡∏Å‡∏±‡∏ô,510
‡∏≠‡∏≤‡∏¢‡∏∏,511
‡∏Ñ‡∏ô‡πÉ‡∏ô,512
‡∏™‡∏á‡∏™‡∏±‡∏¢,513
‡πÇ‡∏Ñ‡∏ï‡∏£,514
‡∏Ñ‡∏¥‡∏î‡∏ñ‡∏∂‡∏á,515
‡∏Å‡∏£‡∏∞‡∏î‡∏≤‡∏©,516
‡∏ï‡∏±‡πâ‡∏á‡πÉ‡∏à,517
‡∏Å‡∏¥‡∏ô‡∏Ç‡πâ‡∏≤‡∏ß,518
‡∏≠‡∏µ‡∏î‡∏≠‡∏Å,519
‡∏´‡∏°‡∏π,520
‡πÄ‡∏™‡∏∑‡∏≠‡∏Å,521
‡∏≠‡∏≠,522
‡∏ï‡∏•‡∏Å,523
‡∏ó‡∏µ‡πà‡πÅ‡∏•‡πâ‡∏ß,524
‡∏´‡∏ô‡∏±‡∏Å,525
‡πÑ‡∏°‡πâ‡πÄ‡∏£‡∏µ‡∏¢‡∏ß,526
‡∏ô‡πâ‡∏≠‡∏¢,527
‡∏ï‡∏Å,528
‡∏£‡∏π‡∏õ,529
‡∏£‡πâ‡∏≤‡∏ô,530
‡∏Ñ‡∏ß‡∏≤‡∏°‡∏à‡∏£‡∏¥‡∏á,531
‡∏ù‡∏∏‡πà‡∏ô,532
‡∏ó‡∏∏‡∏Å‡∏ß‡∏±‡∏ô,533
‡∏¢‡∏¥‡πâ‡∏°,534
‡πÄ‡∏Å‡∏¥‡∏î,535
‡∏ó‡∏∏‡∏Å‡∏≠‡∏¢‡πà‡∏≤‡∏á,536
‡πÄ‡∏•‡πá‡∏ö,537
‡πÄ‡∏Å‡∏≤,538
‡∏´‡∏µ,539
‡∏Å,540
‡∏î‡∏µ‡∏°‡∏≤‡∏Å,541
‡∏à‡∏¥‡∏ï‡πÉ‡∏à,542
‡∏ï‡∏•‡∏≤‡∏î,543
‡πÑ‡∏õ‡∏´‡∏≤,544
‡∏Ñ‡∏£‡∏≠‡∏ö‡∏Ñ‡∏£‡∏±‡∏ß,545
‡∏≠‡∏ò‡∏¥‡∏ö‡∏≤‡∏¢,546
‡∏´‡∏•‡∏á‡∏ï‡∏±‡∏ß‡πÄ‡∏≠‡∏á,547
‡∏ô‡∏±‡πâ‡∏ô‡πÅ‡∏´‡∏•‡∏∞,548
‡∏à‡πâ‡∏∞,549
‡∏û‡∏π‡∏î‡∏à‡∏≤,550
‡∏£‡∏µ‡πà,551
‡∏ó‡∏µ‡πà‡∏ú‡πà‡∏≤‡∏ô‡∏°‡∏≤,552
‡∏ó‡∏µ‡πà‡πÅ‡∏ó‡πâ,553
‡∏ï‡∏±‡∏á,554
‡∏á‡πà‡∏≤‡∏¢,555
‡∏™‡πà‡∏ß‡∏ô,556
‡∏ö‡∏£‡∏¥‡∏´‡∏≤‡∏£,557
‡∏Ç‡πÇ‡∏°‡∏¢,558
‡∏Ç‡πâ‡∏≤,559
‡πÅ‡∏≠‡πä‡∏ö‡πÅ‡∏ö‡πä‡∏ß,560
‡πÅ‡∏û‡∏á,561
‡πÄ‡∏≠‡∏≠,562
‡∏™‡∏ô‡∏∏‡∏Å,563
‡∏Ñ‡∏ß‡∏≤‡∏°‡∏™‡∏á‡∏™‡∏±‡∏¢,564
‡πÄ‡∏û‡∏•‡∏á,565
‡πÅ‡∏´‡∏°‡πà,566
‡πÅ‡∏≠‡πä‡∏ö,567
‡∏´‡πâ‡∏≤‡∏°,568
‡∏ö‡∏≤‡∏á‡∏ó‡∏µ,569
‡πÄ‡∏ü‡∏™,570
‡∏ô‡∏≤‡∏¢,571
‡∏Ç‡∏≠‡∏á‡∏à‡∏£‡∏¥‡∏á,572
‡∏î‡∏±‡∏ô,573
‡πÄ‡∏Ñ‡∏≤‡∏£‡∏û,574
‡∏´‡∏¢‡∏¥‡πà‡∏á,575
‡πÄ‡∏Å‡∏≤‡∏∞,576
‡∏ä‡∏≤‡∏ï‡∏¥,577
‡∏´‡∏á‡∏∏‡∏î‡∏´‡∏á‡∏¥‡∏î,578
‡πÄ‡∏â‡∏¢,579
‡∏ï‡∏±‡∏ß‡∏≠‡∏¢‡πà‡∏≤‡∏á,580
‡πÄ‡∏´‡∏ï‡∏∏‡∏ú‡∏•,581
‡∏ú‡∏π‡πâ‡∏õ‡∏Å‡∏Ñ‡∏£‡∏≠‡∏á,582
‡πÅ‡∏à‡∏Å,583
‡∏à‡∏≥,584
‡∏°‡∏µ‡∏™‡∏¥‡∏ó‡∏ò‡∏¥‡πå,585
‡∏•‡∏∏,586
‡∏´‡πà‡∏ß‡∏¢,587
‡∏î‡∏±‡∏î‡∏à‡∏£‡∏¥‡∏ï,588
‡∏à‡πä‡∏∞,589
‡πÇ‡∏ï‡∏°‡∏≤,590
‡∏û‡∏±‡∏á,591
‡∏û‡∏±‡∏í‡∏ô‡∏≤,592
‡πÄ‡∏≠‡∏≤‡πÅ‡∏ï‡πà,593
-,594
‡∏•‡∏≠‡∏á‡∏î‡∏π,595
‡∏ß‡∏¥,596
‡∏£‡∏µ‡∏ö,597
‡∏™‡∏ô‡∏¥‡∏ó,598
‡∏°‡∏ô‡∏∏‡∏©‡∏¢‡πå,599
‡πÅ‡∏õ‡∏•‡∏Å‡πÉ‡∏à,600
‡∏™‡∏£‡πâ‡∏≤‡∏á,601
‡πÅ‡∏ó‡πá‡∏Å,602
‡∏•,603
‡∏´‡∏•‡πà‡∏∞,604
‡πÅ‡∏ö‡πä‡∏ß,605
‡πÄ‡∏Å‡∏¥‡∏ô‡πÑ‡∏õ,606
‡∏™‡∏≠‡∏ö,607
‡∏ó‡∏±‡πâ‡∏á‡∏Ñ‡∏∑‡∏ô,608
‡πÄ‡∏´‡∏á‡∏≤,609
‡πÄ‡∏≠‡∏≤‡πÄ‡∏£‡∏∑‡πà‡∏≠‡∏á,610
‡∏Ñ‡∏∑‡∏ô,611
‡πÅ‡∏£‡∏á,612
‡πÅ‡∏•‡πâ‡∏ß‡∏Å‡πá,613
‡πÑ‡∏•‡πà,614
‡πÄ‡∏´‡∏ô‡∏∑‡πà‡∏≠‡∏¢,615
‡∏£‡∏π‡πâ‡πÄ‡∏£‡∏∑‡πà‡∏≠‡∏á,616
‡πÄ‡∏ï,617
‡∏≠‡∏£,618
‡πÄ‡∏Ç‡πâ‡∏≤‡∏Å‡∏±‡∏ö,619
‡∏≠‡πà‡∏≠‡∏ô,620
‡πÄ‡∏™‡∏µ‡∏¢‡∏ö,621
‡∏°‡∏µ‡∏õ‡∏±‡∏ç‡∏´‡∏≤,622
‡∏≠‡∏°,623
‡πÇ‡∏û‡∏™‡∏ï‡πå,624
‡∏™‡∏∏‡∏î‡∏ó‡πâ‡∏≤‡∏¢,625
‡∏ß‡∏≤,626
‡∏î,627
‡∏õ‡∏±‡∏ç‡∏´‡∏≤,628
‡∏£‡∏≤‡∏¢‡∏Å‡∏≤‡∏£,629
‡∏ô‡∏∞‡∏à‡πä‡∏∞,630
‡∏ü‡∏¥‡∏ô,631
‡∏î‡∏π‡∏î,632
‡πÅ‡∏¢‡∏Å,633
‡∏ó‡∏¥‡πâ‡∏á,634
‡∏ã‡πà‡∏≤,635
‡∏†‡∏≤‡∏©‡∏≤‡πÑ‡∏ó‡∏¢,636
‡∏õ‡πâ‡∏≠‡∏á‡∏Å‡∏±‡∏ô,637
‡∏Ç‡∏¢‡∏∞,638
‡∏Ü‡πà‡∏≤,639
‡πÄ‡∏£‡∏µ‡∏¢‡∏Å‡∏£‡πâ‡∏≠‡∏á,640
‡∏´‡∏ç‡∏¥‡∏á,641
‡πÅ‡∏™‡∏î‡∏á,642
‡∏Ñ‡πà‡∏≤‡∏¢,643
‡∏à‡∏±‡∏á‡∏´‡∏ß‡∏∞,644
‡∏à‡∏µ‡∏ô,645
‡πÑ‡∏•‡∏ü‡πå,646
‡∏Ñ‡∏¥‡∏î‡πÑ‡∏î‡πâ,647
‡πÄ‡∏•‡∏∑‡∏≠‡∏î,648
‡∏Ç‡∏µ‡πâ‡∏Ç‡∏•‡∏≤‡∏î,649
‡∏†‡∏≤‡∏û,650
‡∏î‡∏π‡πÅ‡∏•‡∏ï‡∏±‡∏ß‡πÄ‡∏≠‡∏á,651
‡∏Ñ‡∏≠‡∏¢,652
‡∏à‡πà‡∏≤‡∏¢,653
‡∏ó‡∏ô,654
‡∏î‡∏£‡∏≤‡∏°‡πà‡∏≤,655
‡∏ô‡πà‡∏≤‡∏£‡∏≥‡∏Ñ‡∏≤‡∏ç,656
‡∏•‡πà‡∏≤‡∏á,657
500,658
‡∏°‡∏¥,659
....,660
‡∏ï‡∏≠‡∏ö,661
‡πÅ‡∏°‡∏ô,662
‡∏ß‡∏á‡∏Å‡∏≤‡∏£,663
‡∏Å‡∏∏,664
‡∏°‡∏≠‡∏á‡∏´‡∏ô‡πâ‡∏≤,665
‡πÄ‡∏™‡∏∑‡πâ‡∏≠,666
‡πÅ‡∏•‡πâ,667
‡πÅ‡∏£‡∏Å,668
‡∏ô‡∏µ‡πà‡πÅ‡∏´‡∏•‡∏∞,669
‡πÄ‡∏û‡∏à,670
‡πÅ‡∏´‡∏Å,671
‡∏à‡∏±‡∏ö‡∏°‡∏∑‡∏≠,672
‡∏Ñ‡∏ß‡∏¢,673
‡∏≠‡∏∑‡πà‡∏ô,674
‡πÄ‡∏Å‡πà‡∏≤,675
‡∏ß‡πà‡∏≤‡∏á,676
‡∏ß‡∏±‡∏ô‡∏ô‡∏±‡πâ‡∏ô,677
‡∏™‡∏π‡∏á,678
‡πÅ‡∏Å‡πâ‡∏ß,679
‡πÄ‡∏•‡∏µ‡∏¢,680
‡πÄ‡∏ô‡∏≤‡∏∞,681
‡πÄ‡∏´‡πá‡∏ô‡πÅ‡∏Å‡πà‡∏ï‡∏±‡∏ß,682
‡∏Ç‡∏≤‡∏î,683
‡πÄ‡∏î‡∏µ‡πà‡∏¢‡∏ß,684
‡πÅ‡∏£‡∏á‡∏ö‡∏±‡∏ô‡∏î‡∏≤‡∏•‡πÉ‡∏à,685
‡∏ä‡∏≤‡∏ß,686
‡∏Ñ‡∏≥‡∏´‡∏¢‡∏≤‡∏ö,687
‡∏•‡∏±‡∏ö‡∏´‡∏•‡∏±‡∏á,688
‡∏¢‡∏≥,689
‡∏ß‡∏±‡∏¢,690
‡∏°,691
‡∏•‡∏∑‡∏°,692
‡∏´‡∏•‡∏≠‡∏Å,693
‡∏´‡∏°‡∏≠,694
‡∏•‡∏µ‡πà,695
‡∏õ‡∏£‡∏∞,696
‡∏ä‡∏≤‡∏¢,697
‡∏™‡∏¥‡∏ó‡∏ò‡∏¥,698
‡∏î‡πâ‡∏ß‡∏¢‡∏ã‡πâ‡∏≥,699
‡∏ä‡∏±‡πâ‡∏ô,700
‡∏ä‡∏±‡∏ß‡∏£‡πå,701
‡∏Å‡∏≤‡∏£‡∏Å‡∏£‡∏∞‡∏ó‡∏≥,702
‡∏Ñ‡∏ß‡∏£‡∏à‡∏∞,703
‡πÄ‡∏ß‡∏£,704
‡πÄ‡∏õ‡πá‡∏î,705
‡∏ß‡πâ‡∏≤‡∏¢,706
‡∏£‡∏±‡∏ê‡∏ö‡∏≤‡∏•,707
‡∏õ‡∏µ‡πâ,708
‡∏´‡∏ß‡πà‡∏≤,709
‡πÄ‡∏õ‡∏•‡∏µ‡πà‡∏¢‡∏ô‡πÑ‡∏õ,710
"""",711
‡∏î‡∏∑‡πà‡∏°,712
‡∏î‡∏≤‡∏ß,713
‡∏≠‡∏∏‡∏ö,714
‡∏Ñ‡∏ô‡πÉ‡∏ä‡πâ,715
‡∏´‡∏£‡∏∑‡∏≠‡∏ß‡πà‡∏≤,716
‡∏ô‡∏∞‡πÄ‡∏ô‡∏µ‡πà‡∏¢,717
‡∏ô‡∏≥,718
‡∏°‡πà‡∏ß‡∏á,719
3,720
‡∏™‡∏ß‡∏±‡∏™‡∏î‡∏µ,721
‡∏õ‡∏£‡∏∞‡∏ä‡∏≤‡∏ä‡∏ô,722
‡∏Å‡∏µ‡∏¨‡∏≤,723
6,724
‡πÄ‡∏´‡∏•‡∏∑‡∏≠‡∏á,725
‡∏£.‡∏£.,726
‡∏ä‡πà‡∏ß‡∏á,727
‡∏™‡∏£‡∏∏‡∏õ,728
‡πÄ‡∏´‡∏£‡∏µ‡∏¢‡∏ç,729
‡∏°‡∏¥‡∏ô‡∏¥,730
‡∏Ñ‡πà‡∏≠‡∏¢‡πÜ,731
‡∏´‡∏°‡∏±‡∏î,732
‡∏™‡∏≤‡∏°‡∏≤‡∏£‡∏ñ,733
=,734
‡∏™‡∏ö,735
‡∏™‡∏≤‡∏¢‡∏ï‡∏≤,736
‡πÄ‡∏•‡∏µ‡πâ‡∏¢‡∏á,737
‡∏´‡∏¢‡∏≤‡∏ö,738
‡πÄ‡∏õ‡πá‡∏ô‡πÄ‡∏û‡∏∑‡πà‡∏≠‡∏ô,739
‡πÄ‡∏û‡∏∑‡πà‡∏≠‡∏ô‡∏™‡∏ô‡∏¥‡∏ó,740
‡πÄ‡∏à‡∏£‡∏¥‡∏ç,741
‡πÅ‡∏Ñ‡∏£‡πå,742
‡πÄ‡∏ã,743
‡∏ó‡∏µ‡πà‡∏≠‡∏¢‡∏π‡πà,744
‡∏ù‡∏≤‡∏Å,745
‡πÄ‡∏õ‡∏¥‡∏î‡πÄ‡∏ú‡∏¢,746
‡πÄ‡∏ú‡∏¢,747
‡∏´‡∏ß‡∏±‡πà‡∏ô‡πÑ‡∏´‡∏ß,748
‡∏≠,749
‡∏°‡∏±‡πâ‡∏á,750
‡∏Ç‡∏≤,751
‡∏ï‡∏≠‡πÅ‡∏´‡∏•,752
‡πÄ‡∏Å‡∏£‡∏î,753
‡∏£‡∏∏‡πà‡∏ô‡∏û‡∏µ‡πà,754
‡πÇ‡∏õ‡πä‡∏∞,755
‡∏à‡∏≥‡πÄ‡∏õ‡πá‡∏ô‡∏ï‡πâ‡∏≠‡∏á,756
‡∏Å‡∏ß‡∏ô,757
‡πÄ‡∏ï‡∏£‡∏µ‡∏¢‡∏°‡∏ï‡∏±‡∏ß,758
‡πÅ‡∏°‡∏™,759
‡πå,760
‡∏ï‡∏±‡∏î‡∏´‡∏±‡∏ß,761
‡∏´‡∏£‡∏∑‡∏≠‡πÄ‡∏õ‡∏•‡πà‡∏≤,762
‡∏î‡∏°,763
‡∏ô‡∏¥‡∏î,764
‡∏°‡∏±‡πä‡∏¢,765
‡∏ô‡∏Å,766
‡πÄ‡∏Å‡∏°,767
‡πÅ‡∏ä‡∏ó,768
‡∏≠.,769
‡∏õ‡∏£‡∏∂‡∏Å‡∏©‡∏≤,770
‡∏ö‡πà‡∏≠‡∏¢‡πÜ,771
‡∏°‡∏±‡∏Å‡∏à‡∏∞,772
‡∏ã‡∏≤,773
‡πÅ‡∏à,774
‡∏õ‡∏£‡∏∞‡∏°‡∏≤‡∏ì,775
‡πÅ‡∏ö,776
‡∏ú‡∏µ,777
‡∏á‡∏µ‡πâ,778
‡∏•‡∏≤‡∏¢‡∏°‡∏∑‡∏≠,779
‡∏û‡∏π‡∏î‡∏ñ‡∏∂‡∏á,780
‡∏Ñ‡∏£‡∏±‡πâ‡∏á‡∏´‡∏ô‡∏∂‡πà‡∏á,781
‡∏Ñ‡∏≥‡∏û‡∏π‡∏î,782
‡∏ä‡∏¥,783
‡πÄ‡∏ö‡∏∑‡πà‡∏≠,784
‡∏£‡πâ‡∏≠‡∏á‡πÑ‡∏´‡πâ,785
‡∏â‡∏ô‡∏ß‡∏ô,786
‡πÑ‡∏≠‡∏ï‡∏¥‡∏°,787
‡∏¢‡∏∏‡∏Ñ,788
‡πÅ‡∏Å‡∏•‡πâ‡∏á,789
‡∏≠‡∏¥‡∏à‡∏â‡∏≤,790
‚Äú,791
‡∏ô‡πâ‡∏≤,792
‡∏ï‡πà‡∏≥,793
‡∏Ç‡∏±‡πâ‡∏ô,794
4,795
‡∏ï‡∏•‡∏≠‡∏î,796
‡∏î‡∏π‡πÄ‡∏´‡∏°‡∏∑‡∏≠‡∏ô,797
‡∏ö‡πâ‡∏≤,798
‡∏Ç‡πà‡∏≤‡∏ß,799
‡∏Ñ‡πà‡∏≤,800
‡∏Ñ‡∏∏‡∏ì‡∏ú‡∏π‡πâ‡∏´‡∏ç‡∏¥‡∏á,801
‡∏à‡∏±‡∏î‡∏Å‡∏≤‡∏£,802
‡∏™‡∏∞‡∏≠‡∏≤‡∏î,803
‡πÇ‡∏≠‡πÄ‡∏Ñ,804
‡πÄ‡∏õ‡∏£‡∏ï,805
‡πÑ‡∏Å‡πà,806
‡∏†‡∏≤‡∏û‡∏õ‡∏£‡∏∞‡∏Å‡∏≠‡∏ö,807
‡∏û‡∏µ‡πà‡∏ä‡∏≤‡∏¢,808
‡πÄ‡∏ô‡∏∑‡πâ‡∏≠,809
‡πÄ‡∏Ñ‡∏£‡∏µ‡∏¢‡∏î,810
‡∏ü‡∏≠‡∏á‡∏ô‡πâ‡∏≥,811
‡∏¢‡∏±‡∏î,812
‡∏Å.,813
‡∏Å‡∏•‡∏¥‡πà‡∏ô,814
‡∏î‡∏π‡πÅ‡∏•,815
‡πÄ‡∏´‡∏°‡∏∑‡∏≠‡∏ô‡∏Å‡∏±‡∏ö,816
‡∏Å‡πá‡∏î‡∏µ,817
‡∏ï‡∏¥‡∏î,818
‡∏î‡∏µ‡πÅ‡∏•‡πâ‡∏ß,819
‡∏´‡∏•‡∏≠‡∏î,820
‡πÄ‡∏°‡∏µ‡∏¢,821
‡∏™‡∏ï‡∏≠,822
‡πÉ‡∏™,823
‡∏ô‡∏¥,824
‡∏¢‡∏≤‡∏Å,825
‡∏ó‡∏±‡πâ‡∏á‡∏´‡∏°‡∏î,826
‡πÇ‡∏Å,827
‡∏°‡∏∑‡∏≠,828
‡∏•‡∏≤,829
‡∏≤,830
‡πÅ‡∏ö‡∏ô,831
‡∏™‡∏°‡∏±‡∏Ñ‡∏£‡∏á‡∏≤‡∏ô,832
‡∏£‡∏±‡∏á‡πÅ‡∏Ñ,833
‡∏£‡∏Å,834
‡πÄ‡∏Ç‡πâ‡∏≤‡πÑ‡∏õ,835
‡∏ï‡∏∑‡πà‡∏ô,836
‡∏õ‡∏µ‡πÉ‡∏´‡∏°‡πà,837
‡∏ß‡∏∏‡∏í‡∏¥‡∏†‡∏≤‡∏ß‡∏∞,838
‡∏à‡∏≤‡∏£,839
‡∏õ‡∏£‡∏∞‡∏ä‡∏≤‡∏ò‡∏¥‡∏õ‡πÑ‡∏ï‡∏¢,840
‡∏Ñ‡πà‡∏≠‡∏°,841
+,842
‡∏ï‡∏±‡∏î‡∏™‡∏¥‡∏ô‡πÉ‡∏à,843
‡πÄ‡∏à‡πá‡∏ö,844
!!!!!,845
‡πÅ‡∏¢‡πà‡∏°‡∏≤‡∏Å,846
‡∏à‡∏π‡∏ö,847
‡∏¢‡∏∏‡πà‡∏á,848
‡∏ó‡∏≥‡πÑ‡∏î‡πâ,849
‡∏ö‡∏∏‡∏Å,850
‡πÄ‡∏ó‡∏µ‡∏¢‡∏ö,851
‡πÅ‡∏õ‡∏•‡∏Å‡∏ó‡∏µ‡πà,852
‡∏ß‡∏±‡∏ô‡πÉ‡∏î,853
‡∏Ç‡πâ‡∏≤‡∏ß,854
‡∏®‡∏±‡∏•‡∏¢‡∏Å‡∏£‡∏£‡∏°,855
‡∏Ñ‡∏∏‡πâ‡∏ô‡πÄ‡∏Ñ‡∏¢,856
‡πÇ‡∏î‡∏¢‡πÑ‡∏°‡πà‡∏ï‡∏±‡πâ‡∏á‡πÉ‡∏à,857
‡∏ô‡πà‡∏≤‡∏™‡∏á‡∏™‡∏≤‡∏£,858
‡∏ü,859
‡∏ö‡∏±‡∏á‡∏ï‡∏≤,860
‡∏ô‡∏¥‡πâ‡∏ß,861
‡∏™‡πà‡∏≠,862
‡πÄ‡∏´‡∏°‡∏∑‡∏≠‡∏ô‡πÄ‡∏î‡∏¥‡∏°,863
‡∏ú‡∏π‡πâ‡∏ô‡∏≥,864
‡∏ó‡∏µ‡∏°,865
‡∏ô‡∏¥‡∏î‡∏´‡∏ô‡πà‡∏≠‡∏¢,866
‡∏•‡πâ‡∏≤‡∏ô,867
‡∏õ‡∏£‡∏∞‡∏ï‡∏π,868
‡∏´‡∏≤‡∏ß‡πà‡∏≤,869
‡∏õ‡∏Å‡∏õ‡πâ‡∏≠‡∏á,870
‡∏•‡∏π‡∏Å‡∏Ñ‡πâ‡∏≤,871
‡∏û‡∏ß‡∏Å‡πÄ‡∏Ç‡∏≤,872
‡∏ó‡∏∏‡∏ô,873
‡∏ô‡∏µ‡πà‡πÄ‡∏≠‡∏á,874
‡∏°‡∏≤‡∏´‡∏≤,875
‡∏£‡πâ‡∏≤‡∏ô‡πÄ‡∏´‡∏•‡πâ‡∏≤,876
‡πÄ‡∏ô‡πá‡∏ï,877
‡πÄ‡∏û‡∏£‡∏≤‡∏∞‡∏≠‡∏∞‡πÑ‡∏£,878
‡∏ô,879
‡πÄ‡∏Ñ‡∏£‡∏∑‡πà‡∏≠‡∏á,880
‡∏´‡πà‡∏≤,881
‡πÄ‡∏à‡∏≠‡∏î‡∏µ,882
‡πÅ‡∏≠‡∏ö‡∏°‡∏≠‡∏á,883
‡∏î‡∏π‡∏≠‡∏≠‡∏Å,884
‡∏ä‡∏±‡πà‡∏ß,885
‡∏°‡∏≠‡∏á‡πÑ‡∏°‡πà‡πÄ‡∏´‡πá‡∏ô,886
‡∏Ñ‡∏•‡∏±‡πà‡∏á,887
‡∏Å‡∏£‡∏∞‡πÅ‡∏ó‡∏Å,888
‡πÄ‡∏≠‡∏≤‡∏´‡∏ô‡πâ‡∏≤,889
‡∏ù‡∏∂‡∏Å‡∏á‡∏≤‡∏ô,890
‡∏ï‡∏∏‡πâ‡∏î,891
‡∏´‡∏°‡∏±‡πà‡∏ô,892
‡πÄ‡∏Ç‡∏µ‡πâ‡∏¢‡∏ß,893
‡πÄ‡∏≠‡πá‡∏á,894
‡∏ã‡∏±‡∏Å,895
‡∏¢‡∏¥‡πà‡∏á‡∏Å‡∏ß‡πà‡∏≤,896
‡∏Ñ‡∏ß‡∏≤‡∏°‡∏Ñ‡∏¥‡∏î‡πÄ‡∏´‡πá‡∏ô,897
‡∏ï‡∏Å‡πÉ‡∏à,898
‡∏ô‡∏£.,899
‡∏•‡∏≤‡∏≠‡∏≠‡∏Å,900
5,901
‡∏°‡∏µ‡∏Ñ‡∏ß‡∏≤‡∏°‡∏™‡∏∏‡∏Ç,902
‡∏≠‡∏Å‡πÅ‡∏ï‡∏Å,903
‡∏™‡∏±‡πà‡∏á‡∏™‡∏≠‡∏ô,904
‡∏•‡∏π‡∏Å‡∏´‡∏•‡∏≤‡∏ô,905
‡∏ç‡∏µ‡πà‡∏õ‡∏∏‡πà‡∏ô,906
‡∏à‡∏Ç‡∏û,907
‡∏ô‡∏°‡∏Ñ‡∏ß‡∏≤‡∏¢,908
‡πÄ‡∏•‡∏∑‡∏≠‡∏Å,909
‡∏Ñ‡∏ô‡∏Ñ‡∏∏‡∏°,910
‡∏û‡∏•‡∏¥‡∏Å,911
‡πÇ‡∏≠‡∏Å‡∏≤‡∏™,912
‡∏£‡∏ñ,913
‡∏õ‡∏•‡πà‡∏≠‡∏¢,914
‡∏Å‡∏•‡∏≤‡∏á,915
‡∏û‡∏£‡∏∏‡πà‡∏á‡∏ô‡∏µ‡πâ,916
‡∏™‡∏π‡πà,917
‡∏¢‡∏µ‡πà‡∏´‡πâ‡∏≠,918
‡∏£‡∏π‡πâ‡∏ï‡∏±‡∏ß,919
‡∏Å‡∏≤‡∏£‡∏®‡∏∂‡∏Å‡∏©‡∏≤,920
‡∏¢‡∏≠,921
‡∏¢‡∏π,922
‡∏ï‡∏π‡πà,923
‡∏ó,924
‡∏Ç‡∏≠‡πÉ‡∏´‡πâ,925
‡∏≠‡∏î‡∏µ‡∏ï,926
‡πÅ‡∏¢‡πà‡∏á,927
‡∏´‡∏±‡∏ß‡∏´‡∏ô‡πâ‡∏≤,928
‡∏ó‡∏±‡∏®‡∏ô‡∏Ñ‡∏ï‡∏¥,929
‡πÅ‡∏™‡∏ô,930
‡∏à‡∏±‡∏ö‡∏ú‡∏¥‡∏î,931
‡∏¢‡∏¥‡∏á,932
‡πÑ‡∏´,933
‡πÅ‡∏Æ,934
‡πÄ‡∏™‡∏µ‡∏¢‡πÉ‡∏à,935
‡∏õ‡πà‡∏≤,936
‡∏ï‡∏±‡πâ‡∏á‡πÅ‡∏ï‡πà‡πÅ‡∏£‡∏Å,937
‡∏ú‡∏π‡πâ‡∏Ç‡∏≤‡∏¢,938
‡πÄ‡∏ã‡∏ü,939
‡∏ô‡∏±‡∏Å‡πÄ‡∏•‡∏á,940
‡∏´‡∏°‡πâ‡∏≠,941
‡πÄ‡∏Å‡πá‡∏ö‡∏Å‡∏î,942
5555555555555555,943
‡∏ó‡∏µ‡πà‡∏ô‡∏µ‡πà,944
‡∏î‡∏±‡∏ö,945
‡∏ß‡∏¥‡∏à‡∏≤‡∏£‡∏ì‡πå,946
‡πÄ‡∏´,947
‡∏ã‡∏∂‡πà‡∏á,948
‡∏î‡∏±‡∏á,949
‡πÄ‡∏á‡∏µ‡∏¢‡∏ö,950
‡πÄ‡∏¢‡πá‡∏ô,951
a,952
‡∏ô‡∏±‡πà‡∏ô‡πÅ‡∏´‡∏•‡∏∞,953
‡∏Å‡∏£‡∏∞‡∏ó‡∏ö,954
‡∏°‡∏µ‡πÄ‡∏á‡∏¥‡∏ô,955
‡∏à‡∏¥‡∏ï,956
‡∏£‡πà‡∏≤‡∏á‡∏Å‡∏≤‡∏¢,957
‡∏ä‡∏∑‡πà‡∏≠‡∏ß‡πà‡∏≤,958
‡πÄ‡∏ó‡πà,959
‡∏ú‡∏¥‡∏ß‡∏Ñ‡∏•‡πâ‡∏≥,960
‡∏Æ‡∏¥‡∏õ‡πÇ‡∏õ,961
‡πÄ‡∏£‡∏µ‡∏¢‡∏Å‡∏ä‡∏∑‡πà‡∏≠,962
‡πÄ‡∏ñ‡∏∑‡πà‡∏≠‡∏ô,963
‡πÅ‡∏ó‡πâ,964
‡∏Ñ‡∏ô‡∏î‡∏µ,965
‡∏ã‡∏¥,966
‡πÇ‡∏≠,967
‡∏Ñ‡∏ô‡πÑ‡∏ó‡∏¢,968
‡∏à‡∏π‡∏á‡∏°‡∏∑‡∏≠,969
‡πÅ‡∏ó‡∏ö,970
‡∏ï‡∏±‡πâ‡∏á‡πÅ‡∏ï‡πà,971
‡∏¢‡∏±‡∏ô,972
‡∏Å‡∏π‡πÄ‡∏Å‡∏¥‡πâ‡∏•,973
‡∏Ñ‡∏ß‡∏≤‡∏°‡∏°‡∏±‡πà‡∏ô‡πÉ‡∏à,974
‡∏≠‡∏±‡∏ô‡∏ô‡∏µ‡πâ,975
‡∏Å‡∏¥,976
‡∏ß‡∏±‡∏ô‡∏ó‡∏µ‡πà,977
‡∏ß‡∏á,978
‡∏Ñ‡∏±‡∏°,979
‡∏≠‡∏≤‡∏£‡∏°‡∏ì‡πå,980
‡∏ó‡∏±‡πâ‡∏á‡∏™‡∏≠‡∏á,981
‡∏ö‡∏±‡∏á,982
‡∏£‡∏∞‡∏´‡∏ß‡πà‡∏≤‡∏á,983
‡∏Å‡πâ‡∏ô,984
‡∏´‡∏ô‡πâ‡∏≤‡∏≠‡∏Å,985
‡∏î‡∏µ‡πÅ‡∏ï‡πà,986
‡πÄ‡∏Ç‡πâ‡∏≤‡πÄ‡∏£‡∏µ‡∏¢‡∏ô,987
‡∏£‡∏π,988
‡∏•‡∏π‡∏Å‡∏õ‡∏∑‡∏ô,989
‡∏™‡∏≤‡∏£‡∏∞‡πÅ‡∏ô,990
‡πÄ‡∏≠‡∏≤‡πÑ‡∏ß‡πâ,991
‡πÄ‡∏ä‡πà‡∏ô,992
‡πÇ‡∏´‡∏•,993
‡∏¢‡πâ‡∏≤‡∏¢,994
‡∏¢‡∏≤,995
‡∏ú‡∏π‡πâ‡πÉ‡∏´‡∏ç‡πà,996
‡∏™‡∏±‡πâ‡∏ô,997
‡∏ó‡∏µ‡πà‡∏à‡∏∞,998
‡∏Å‡∏£‡∏∞‡πÄ‡∏õ‡πã‡∏≤,999
‡∏û‡∏∏‡∏á,1000
‡∏≠‡πà‡∏≠‡∏ô‡πÇ‡∏¢‡∏ô,1001
‡∏ï‡∏∏‡πä‡∏î,1002
‡πÇ‡∏°,1003
‡πÄ‡∏î‡∏∞,1004
‡∏´‡∏ô‡πâ‡∏≤‡∏Å‡∏≤‡∏Å,1005
‡πÑ‡∏£‡πâ,1006
‡∏ã‡∏µ‡πà,1007
‡πÅ‡∏ó,1008
/,1009
‡πÑ‡∏≠‡∏ã‡πå,1010
‡∏®‡∏û,1011
‡∏Å‡∏±‡πâ‡∏ô,1012
‡∏¢‡∏≠‡∏î,1013
‡πÑ‡∏•‡∏Ñ‡πå,1014
‡πÅ‡∏õ‡∏•,1015
‡∏´‡∏ô‡πâ‡∏≤‡πÑ‡∏°‡πà‡∏≠‡∏≤‡∏¢,1016
‡∏´‡∏ç‡πâ‡∏≤,1017
‡πÇ‡∏£‡∏Ñ‡∏à‡∏¥‡∏ï,1018
‡∏™‡πà‡∏ß‡∏ô‡πÉ‡∏´‡∏ç‡πà,1019
‡∏Ç‡πà‡∏°‡∏Ç‡∏∑‡∏ô,1020
‡πÄ‡∏ó‡πà‡∏≤,1021
‡∏´‡∏ô‡∏µ,1022
‡πÄ‡∏Å‡∏µ‡πà‡∏¢‡∏ß,1023
‡∏ß‡πà‡∏≤‡∏ó‡∏µ‡πà,1024
‡∏£‡∏∞‡∏ö‡∏≤‡∏¢,1025
‡∏π,1026
‡πÅ‡∏™‡∏î‡∏á‡∏Ñ‡∏ß‡∏≤‡∏°‡∏Ñ‡∏¥‡∏î‡πÄ‡∏´‡πá‡∏ô,1027
‡∏´‡∏±‡∏ß‡πÉ‡∏à,1028
‡∏ö‡πà‡∏≠‡∏¢,1029
‡∏ó‡∏∞‡πÄ‡∏•‡∏≤‡∏∞,1030
‡∏ä‡πà‡∏ß‡∏á‡∏ô‡∏µ‡πâ,1031
‡∏≠‡∏∏‡πä‡∏ö,1032
‡πÄ‡∏ó‡πà‡∏≤‡∏Å‡∏±‡∏ô,1033
‡∏™‡∏±‡∏Å‡∏û‡∏±‡∏Å,1034
‡∏ú‡∏•‡∏¥‡∏ï,1035
‡∏ã‡πâ‡∏≥,1036
‡∏ú‡∏±‡∏ß‡πÄ‡∏°‡∏µ‡∏¢,1037
‡πÄ‡∏ó‡∏≤,1038
‡∏õ‡∏±‡∏á,1039
‡∏≠‡∏¢‡∏π‡πà‡∏ï‡∏±‡∏ß,1040
‡∏ú‡∏¥‡∏î‡∏õ‡∏Å‡∏ï‡∏¥,1041
‡∏ö‡∏±‡∏ï‡∏£,1042
5500,1043
‡∏Ç‡∏µ‡πâ‡πÄ‡∏•‡πá‡∏ö,1044
‡∏≠‡∏¢‡∏π‡πà‡πÅ‡∏•‡πâ‡∏ß,1045
‡πÄ‡∏´‡∏°‡∏≤‡∏∞‡∏Å‡∏±‡∏ö,1046
‡∏ä‡∏±‡πà‡∏ô,1047
‡πÇ‡∏¢‡∏á,1048
‡∏ï‡∏¥‡πà‡∏á,1049
‡∏î‡∏±‡∏Å‡∏î‡∏≤‡∏ô,1050
‡∏î‡∏ß‡∏á,1051
‡πÄ‡∏õ‡πá‡∏ô‡πÑ‡∏£,1052
‡πÄ‡∏°‡πâ‡∏ô,1053
‡πÅ‡∏û‡πá‡∏Ñ,1054
‡∏£‡∏≠‡∏á‡πÄ‡∏ó‡πâ‡∏≤,1055
‡πÄ‡∏™‡∏µ‡∏¢‡∏ß,1056
‡∏ï‡∏£‡∏á‡πÜ,1057
‡πÄ‡∏ã‡∏ô,1058
‡πÄ‡∏õ‡πá‡∏ô‡∏≠‡∏¢‡πà‡∏≤‡∏á‡∏°‡∏≤‡∏Å,1059
‡∏Å‡∏•‡∏≤‡∏¢‡πÄ‡∏õ‡πá‡∏ô,1060
‡πÉ‡∏Ñ‡∏£‡πÜ,1061
‡∏™‡∏µ‡∏ä‡∏°‡∏û‡∏π,1062
‡∏¢‡∏±‡∏á‡∏°‡∏µ,1063
‡πÅ‡∏ö‡∏á‡∏Ñ‡πå,1064
‡∏ï‡∏±‡∏î,1065
‡πÇ‡∏£‡∏Ñ‡∏õ‡∏£‡∏∞‡∏™‡∏≤‡∏ó,1066
‡πÉ‡∏Å‡∏•‡πâ,1067
‡πÄ‡∏´‡πá‡∏ô‡∏î‡πâ‡∏ß‡∏¢,1068
‡∏Ñ‡∏ß‡∏≤‡∏°‡∏ô‡πà‡∏≤‡∏£‡∏±‡∏Å,1069
‡πÄ‡∏•‡πà‡∏≤,1070
‡πÅ‡∏Ç‡∏ô,1071
‡πÅ‡∏ó‡πâ‡πÜ,1072
‡∏Ç‡πâ‡∏≤‡∏á,1073
‡πÄ‡πÄ‡∏•‡πâ‡∏ß,1074
‡πÅ‡∏Å‡∏á,1075
‡∏ô‡∏∏‡πà‡∏°,1076
??,1077
‡∏°‡∏≤‡∏Å‡∏Ç‡∏∂‡πâ‡∏ô,1078
‡∏Ñ‡∏∏‡πâ‡∏ô‡πÜ,1079
‡∏õ‡∏£‡∏∞‡∏´‡∏•‡∏≤‡∏î,1080
‡πÄ‡∏°‡∏∑‡πà‡∏≠‡∏Å‡πà‡∏≠‡∏ô,1081
‡πÄ‡∏ñ‡∏µ‡∏¢‡∏á,1082
‡πÄ‡∏ú‡∏∑‡πà‡∏≠,1083
‡∏´‡∏°‡∏µ,1084
‡∏ä‡∏±‡∏á,1085
‡∏™‡∏ñ‡∏≤‡∏ö‡∏±‡∏ô,1086
‡∏Ç‡∏≠‡∏ö‡∏Ñ‡∏∏‡∏ì,1087
‡∏£‡∏π‡πâ‡∏î‡∏µ,1088
‡πÄ‡∏ä‡πà‡∏ô‡∏Å‡∏±‡∏ô,1089
‡πÅ‡∏ã‡∏∞,1090
‡∏ã‡πâ‡∏≥‡πÜ,1091
‡πÑ‡∏°,1092
‡∏≠‡∏¢‡πà‡∏≤‡∏á‡∏ô‡∏±‡πâ‡∏ô,1093
‡∏à‡∏µ,1094
‡∏Ñ‡∏∏‡∏°,1095
‡πÇ‡∏ó‡∏£,1096
‡πÅ‡∏ï‡πà‡∏á‡∏ï‡∏±‡∏ß,1097
‡πÄ‡∏≠‡πà‡∏¢,1098
‡πÄ‡πÄ‡∏°‡πà,1099
mindset,1100
‡∏°‡∏µ‡πÄ‡∏´‡∏ï‡∏∏‡∏ú‡∏•,1101
‡∏´‡∏∏‡πà‡∏ô,1102
‡∏™‡∏≤‡∏¢,1103
‡∏ï‡πà‡∏≤‡∏á‡∏Å‡∏±‡∏ô,1104
‡∏ô‡πâ‡∏≠‡∏á‡∏™‡∏≤‡∏ß,1105
‡∏´‡∏∑‡∏°,1106
‡∏ï‡∏≠‡∏ô‡πÅ‡∏£‡∏Å,1107
55555555555,1108
‡∏î‡∏≠‡∏Å,1109
‡∏ó‡∏µ‡πà‡πÑ‡∏´‡∏ô,1110
‡πÅ‡∏°‡∏ß,1111
‡πÄ‡∏´‡∏•‡∏∑‡∏≠‡πÄ‡∏Å‡∏¥‡∏ô,1112
‡∏Å‡∏î‡∏î‡∏±‡∏ô,1113
‡πÄ‡∏õ‡πá‡∏ô‡πÑ‡∏á,1114
‡∏ó‡∏±‡∏®,1115
‡∏Ñ‡∏£‡∏ö,1116
‡πÇ‡∏Ü‡∏©‡∏ì‡∏≤,1117
‡∏Ñ‡∏≠‡∏ô,1118
‡πÅ‡∏Ñ‡πà‡∏ô‡∏±‡πâ‡∏ô,1119
‡∏ä‡∏±‡∏Å‡∏ß‡πà‡∏≤‡∏ß,1120
‡∏î‡∏π‡∏ñ‡∏π‡∏Å,1121
‡∏Ñ‡∏ô‡∏î‡∏π,1122
‡∏•‡∏¥‡∏õ,1123
hiv,1124
‡∏î‡πâ‡∏≤‡∏ô,1125
‡πÄ‡∏£‡∏¥‡πà‡∏°‡∏ï‡πâ‡∏ô,1126
‡∏™‡πà‡∏ß‡∏ô‡∏°‡∏≤‡∏Å,1127
‡∏≠‡∏¢‡∏≤‡∏Å‡∏£‡∏π‡πâ,1128
‡πÄ‡∏≠,1129
‡∏ï‡∏≤‡∏¢‡∏î‡∏µ,1130
‡∏™‡∏±‡πà‡∏ô,1131
‡πÅ‡∏ô‡πà‡∏ô‡∏≠‡∏ô,1132
‡∏´‡∏ß‡∏±‡πà‡∏ô,1133
‡πÄ‡∏Ñ‡∏£‡∏∑‡πà‡∏≠‡∏á‡∏™‡∏≥‡∏≠‡∏≤‡∏á,1134
‡∏Å‡∏≤‡∏£‡∏ó‡∏≥‡∏á‡∏≤‡∏ô,1135
‡∏ô‡∏≤‡∏ó‡∏µ,1136
‡∏Ñ‡∏£‡∏∂‡πà‡∏á,1137
‡∏¢‡∏≤‡∏Å‡∏à‡∏ô,1138
‡∏à‡∏≤,1139
‡∏ï‡∏≠‡∏°,1140
‡πÄ‡∏Å‡∏¥‡πâ‡∏•,1141
‡∏û‡∏≠‡πÑ‡∏î‡πâ,1142
‡∏£‡∏π‡∏õ‡∏£‡πà‡∏≤‡∏á,1143
‡∏°‡πÇ‡∏ô,1144
‡πÄ‡∏≠‡∏¥‡πà‡∏°,1145
‡πÑ‡∏ñ‡∏ô‡∏≤,1146
‡∏ó‡∏≥‡∏´‡∏ô‡πâ‡∏≤‡∏ó‡∏µ‡πà,1147
‡πÄ‡∏´‡∏°‡πá‡∏ô‡πÄ‡∏õ‡∏£‡∏µ‡πâ‡∏¢‡∏ß,1148
‡∏´‡∏•‡∏ö,1149
‡πÄ‡∏õ‡πá‡∏ô‡∏ú‡∏π‡πâ‡πÉ‡∏´‡∏ç‡πà,1150
‡∏à‡∏£‡∏£‡∏¢‡∏≤‡∏ö‡∏£‡∏£‡∏ì,1151
‡∏ô‡∏±‡∏Å‡∏Ç‡πà‡∏≤‡∏ß,1152
‡πÄ‡∏ô‡∏ä‡∏±‡πà‡∏ô,1153
‡πÇ‡∏õ‡πä‡∏∞‡πÅ‡∏ï‡∏Å,1154
‡∏ö‡∏π‡∏•,1155
‡∏Å‡∏≤‡∏•‡πÄ‡∏ó‡∏®‡∏∞,1156
‡∏ô.,1157
‡πÇ‡∏õ‡∏á,1158
‡∏•‡πâ‡∏≤‡∏´‡∏•‡∏±‡∏á,1159
‡∏ï‡∏£‡∏∞‡∏´‡∏ô‡∏±‡∏Å‡∏ñ‡∏∂‡∏á,1160
‡∏ñ‡∏∏‡∏ô,1161
‡∏ï‡∏≥,1162
‡∏Ç‡∏¢‡∏∞‡∏™‡∏±‡∏á‡∏Ñ‡∏°,1163
‡πÑ‡∏Å,1164
‡∏•‡πâ‡πÜ,1165
‡∏´‡∏°‡∏±‡πà‡∏ô‡πÑ‡∏™‡πâ,1166
‡πÄ‡∏™‡πâ‡∏ô,1167
‡∏ó‡∏±‡∏Å,1168
‡πÇ‡∏õ‡∏Å,1169
‡∏ä‡∏¥‡πâ‡∏ô,1170
pm,1171
‡∏´‡∏≤‡∏¢‡πÉ‡∏à,1172
‡∏õ‡∏Å‡∏õ‡∏¥‡∏î,1173
‡∏≠‡∏∂‡∏î,1174
‡∏≠‡πà‡∏≤‡∏ß,1175
reply,1176
‡∏ï‡∏±‡∏ß‡πÄ‡∏≠‡∏Å,1177
‡∏ã‡∏Å‡∏°‡∏Å,1178
‡∏™‡∏•‡∏¥‡∏î,1179
‡∏î‡∏Å,1180
‡∏ü‡∏Ñ‡∏á,1181
‡∏°‡∏≤‡∏™‡∏≤‡∏¢,1182
‡πÄ‡∏û‡∏∑‡πà‡∏≠‡∏ó‡∏µ‡πà‡∏à‡∏∞,1183
‡πÄ‡∏£‡πá‡∏ß,1184
‡∏ó‡πâ‡∏≤‡∏ß,1185
‡∏´‡∏≤‡πÄ‡∏£‡∏∑‡πà‡∏≠‡∏á,1186
‡∏ï‡πà‡∏≥‡∏Å‡∏ß‡πà‡∏≤,1187
‡∏£‡∏≠‡∏ö‡∏ï‡∏±‡∏ß,1188
‡∏™‡πà‡∏ß‡∏ô‡∏£‡∏ß‡∏°,1189
‡∏≠‡∏≤‡∏°‡πà‡∏≤,1190
‡∏≠‡∏¥‡∏™‡∏£‡∏∞,1191
‡πÇ‡∏¢‡∏ô,1192
‡∏ã‡∏∞‡∏á‡∏±‡πâ‡∏ô,1193
‡∏ß‡∏¥‡∏Å‡∏§‡∏ï,1194
‡∏™‡∏∏‡∏î‡∏¢‡∏≠‡∏î,1195
‡∏Ñ‡∏±‡∏ô,1196
‡∏ß‡∏±‡∏î,1197
19,1198
‡πÇ‡∏£‡∏Ñ‡∏ï‡∏¥‡∏î‡∏ï‡πà‡∏≠,1199
‡∏ü‡πâ‡∏≤,1200
‡∏ù‡πà‡∏≤‡∏¢‡∏ï‡∏£‡∏á‡∏Ç‡πâ‡∏≤‡∏°,1201
‡∏ä‡∏ô‡∏∞,1202
‡πÉ‡∏ä‡πà‡∏õ‡∏∞,1203
shop,1204
11,1205
‡∏ö‡∏¥‡πä‡∏Å‡∏ã‡∏µ,1206
‡πÇ‡∏•‡∏ï‡∏±‡∏™,1207
5555555,1208
‡∏û,1209
‡∏°‡∏±‡πà‡∏ô,1210
‡∏¢‡∏∏‡∏î,1211
‡∏Ñ‡∏≤‡∏ö,1212
‚Äú‡∏Ñ‡∏ô,1213
‡πÄ‡∏õ‡πá‡∏ô‡πÑ‡∏î‡πâ,1214
xxx,1215
‡∏ï‡∏π‡∏°,1216
‡∏ä‡∏±‡πâ‡∏ô‡∏ï‡πà‡∏≥,1217
‡∏≠‡∏¢‡∏π‡πà‡πÄ‡∏•‡∏¢,1218
‡πÅ‡∏´‡∏Å‡∏ï‡∏≤,1219
‡∏õ‡∏≤‡∏Å‡πÑ‡∏°‡πà‡∏°‡∏µ‡∏´‡∏π‡∏£‡∏π‡∏î,1220
‡∏ú‡∏¥‡∏î‡∏ó‡∏µ‡πà‡∏ú‡∏¥‡∏î‡∏ó‡∏≤‡∏á,1221
‡∏≠‡∏î‡∏ó‡∏ô,1222
‡∏ï‡∏≤‡∏ö‡∏≠‡∏î,1223
‡∏à‡∏¥‡∏á‡πÜ,1224
‡∏õ‡∏∑‡∏ô,1225
‡∏õ‡∏¥‡∏î‡πÑ‡∏°‡πà‡∏°‡∏¥‡∏î,1226
‡∏°‡∏µ‡∏ú‡∏•,1227
‡∏î‡∏¥‡∏£‡∏±‡∏à‡∏â‡∏≤‡∏ô,1228
‡πÉ‡∏Å‡∏•‡πâ‡πÄ‡∏Ñ‡∏µ‡∏¢‡∏á,1229
‡∏ï‡∏±‡∏ß‡∏ï‡∏ô,1230
‡∏ù‡∏≠‡∏¢,1231
‡∏Ç‡∏±‡∏î,1232
‡∏û‡∏≠‡πÉ‡∏à,1233
‡∏î‡∏π‡∏î‡∏µ,1234
‡πÄ‡∏•‡∏™‡∏¥‡∏Å,1235
‡∏û‡∏£‡∏∞‡∏≠‡∏≤‡∏ó‡∏¥‡∏ï‡∏¢‡πå,1236
‡∏ô‡∏Ñ‡∏∞,1237
‡∏≠‡∏¢‡∏π‡πà‡∏Å‡∏±‡∏ö‡∏ó‡∏µ‡πà,1238
2500,1239
‡∏ñ‡∏π‡∏Å‡∏ï‡πâ‡∏≠‡∏á,1240
‡∏°‡∏∏‡∏ö‡∏°‡∏¥‡∏ö,1241
‡∏´‡∏á‡∏≤‡∏¢,1242
‡∏Å‡∏≤‡∏£‡πå‡∏î,1243
‡∏´‡∏ß‡πà‡∏∞,1244
‡πÉ‡∏ä‡πâ‡∏Å‡∏±‡∏ö,1245
‡∏Ñ‡∏á‡∏à‡∏∞,1246
‡∏£‡∏∏‡∏Å,1247
b,1248
‡∏´‡∏£‡∏∑‡∏≠‡πÑ‡∏°‡πà,1249
‡∏™‡∏π‡πâ‡∏Ñ‡∏ô,1250
‡πÄ‡∏´‡∏ô‡πá‡∏ö,1251
‡∏ß‡∏≤‡∏à‡∏≤,1252
‡∏Å‡∏≥‡∏õ‡∏±‡πâ‡∏ô,1253
‡∏•‡∏î‡∏ï‡∏±‡∏ß,1254
‡∏î‡∏µ‡∏•‡∏∞,1255
‡∏Ç‡∏≤‡∏¢‡∏´‡∏ô‡πâ‡∏≤,1256
‡πÄ‡∏û‡∏•‡∏µ‡∏¢,1257
‡∏Ñ‡∏≤‡∏ô,1258
‡∏ï‡πà‡∏≠‡πÑ‡∏õ,1259
‡∏™‡∏¥‡πâ‡∏ô,1260
‡∏°‡∏µ‡∏•‡∏π‡∏Å,1261
‡∏Å‡∏≤‡πÅ‡∏ü,1262
‡∏û‡∏ô‡∏±‡∏Å‡∏á‡∏≤‡∏ô,1263
‡πÄ‡∏ä‡∏¥‡∏ç,1264
‡πÄ‡∏™‡∏µ‡∏¢‡∏á‡∏î‡∏±‡∏á,1265
‡∏¢‡πâ‡∏≠‡∏ô,1266
‡πÅ‡∏¢‡πâ‡∏á,1267
‡πÉ‡∏à‡∏î‡∏µ,1268
‡∏ñ‡∏≤‡∏Å,1269
‡∏°‡∏∑‡∏î,1270
‡∏ä‡∏±‡∏ß,1271
‡∏°‡∏≠,1272
‡∏†‡∏µ‡∏°,1273
‡∏ô‡∏®.,1274
‡πÄ‡∏£‡∏∑‡πà‡∏≠‡∏á‡∏™‡πà‡∏ß‡∏ô‡∏ï‡∏±‡∏ß,1275
‡∏û‡∏≤,1276
‡∏ä‡∏≤‡∏ö‡∏π,1277
‡πÄ‡∏´‡∏°‡∏≤,1278
‡∏£‡∏π‡πâ‡∏Å‡∏±‡∏ô,1279
‡∏™‡∏á‡∏ß‡∏ô‡∏ó‡πà‡∏≤‡∏ó‡∏µ,1280
‡πÉ‡∏ô‡∏Ç‡∏ì‡∏∞‡∏ó‡∏µ‡πà,1281
‡πÄ‡∏ï‡πá‡∏°‡πÑ‡∏õ‡∏î‡πâ‡∏ß‡∏¢,1282
8,1283
15,1284
google,1285
‡∏£‡∏π‡∏õ‡∏õ‡∏£‡∏∞‡∏Å‡∏≠‡∏ö,1286
‡∏¢‡πà‡∏≥,1287
‡∏Å‡∏£‡∏∞‡πÄ‡∏ó‡∏µ‡∏¢‡∏°,1288
‡∏Æ‡∏±‡∏•‡πÇ‡∏´‡∏•,1289
‡∏à‡∏¥‡∏á,1290
‡∏ï‡πâ‡∏ö,1291
‡πÑ‡∏ü‡∏ü‡πâ‡∏≤,1292
1300,1293
‡∏≠‡∏∏‡πà‡∏ô,1294
‡∏õ‡∏Å,1295
‡∏™‡∏°‡∏±‡∏¢‡∏ô‡∏µ‡πâ,1296
‡∏™‡∏°‡∏±‡∏¢,1297
"84,000",1298
‡∏¢‡∏±‡∏î‡πÄ‡∏¢‡∏µ‡∏¢‡∏î,1299
‡πÉ‡∏ô‡∏≠‡∏ô‡∏≤‡∏Ñ‡∏ï,1300
‡∏ó‡∏∂‡∏ö,1301
‡πÅ‡∏Å‡∏£‡πà‡∏á,1302
‡∏†‡∏≤‡∏Ñ,1303
‡∏ä‡πâ‡∏≤,1304
‡∏£‡∏ß‡∏¢,1305
‡∏°‡∏µ‡∏°,1306
‡πÉ‡∏Å‡∏•‡πâ‡∏ä‡∏¥‡∏î,1307
‡∏ù‡∏±‡∏ô,1308
‡∏µ‡πà,1309
‡∏´‡∏•‡∏≠‡∏ô,1310
‡πÑ‡∏î‡πâ‡∏Ç‡∏ô‡∏≤‡∏î,1311
sensitive,1312
‡∏•‡πâ‡∏≠,1313
‡πÄ‡∏î‡∏µ‡∏¢‡∏ß‡∏Å‡∏±‡∏ô,1314
‡∏ï‡∏°,1315
‡∏≠‡πâ‡∏≤,1316
‡∏ü‡∏≠‡∏£‡πå‡∏°,1317
‡∏ó‡∏≠‡∏á,1318
‡∏ï‡∏≤‡∏ñ‡∏±‡πà‡∏ß,1319
‡∏à‡∏ö‡∏Å‡∏±‡∏ô,1320
‡∏™‡∏±‡∏ç‡∏ç‡∏≤,1321
‡∏Å‡∏≥‡∏•‡∏±‡∏á,1322
‡∏ã‡∏≠‡∏¢,1323
‡∏£‡∏≠‡∏ö,1324
‡πÄ‡∏≠‡πá‡∏°,1325
‡∏Ñ‡∏≠‡∏ô‡πÄ‡∏ó‡∏ô‡∏ï‡πå,1326
‡∏†‡∏≤‡∏©‡∏≤‡∏≠‡∏±‡∏á‡∏Å‡∏§‡∏©,1327
‡∏á‡∏π‡πÜ ‡∏õ‡∏•‡∏≤‡πÜ,1328
‡∏Ñ‡∏∑‡∏ô‡∏ô‡∏µ‡πâ,1329
‡∏ö‡∏±‡∏Å‡∏´‡∏≥,1330
‡πÑ‡∏Å‡∏•,1331
netflix,1332
k,1333
‡∏à‡∏£‡∏¥‡∏á ‡πÜ,1334
‡∏ü‡∏±‡∏ô,1335
‡∏ö‡∏∏,1336
‡∏•‡∏¥,1337
‡∏™‡∏†‡∏≤‡∏û‡πÅ‡∏ß‡∏î‡∏•‡πâ‡∏≠‡∏°,1338
‡∏õ‡∏±‡∏ç‡∏´‡∏≤‡∏Ñ‡∏£‡∏≠‡∏ö‡∏Ñ‡∏£‡∏±‡∏ß,1339
‡πÄ‡∏Å‡πá‡∏ö‡∏ï‡∏±‡∏ß,1340
‡∏†‡∏≤‡∏¢‡∏ô‡∏≠‡∏Å,1341
‡∏à‡∏£‡∏¥‡∏á‡∏à‡∏±‡∏á,1342
‡∏ï‡∏Å‡∏ï‡πà‡∏≥,1343
‡∏ï‡πà‡∏≠‡πÉ‡∏´‡πâ,1344
‡πÑ‡∏°‡πà‡∏á‡∏±‡πâ‡∏ô,1345
‡πÄ‡∏ó‡∏≠‡∏°,1346
‡πÄ‡∏õ‡πá‡∏ô‡πÄ‡∏£‡∏∑‡πà‡∏≠‡∏á,1347
ep,1348
‡πÄ‡∏à‡πâ,1349
‡∏ñ‡∏≠‡∏¢‡∏´‡∏•‡∏±‡∏á,1350
‡∏£‡∏£,1351
‡∏î‡∏≤‡∏£‡∏≤,1352
‡πÄ‡∏≠‡∏≤‡∏Ñ‡∏∑‡∏ô,1353
‡∏ô‡∏±‡∏Å‡∏´‡∏ô‡∏≤,1354
‡πÄ‡∏ä‡∏µ‡∏¢‡∏ß,1355
‡∏Ñ‡∏ß‡∏≤‡∏°‡∏ö‡∏±‡∏ô‡πÄ‡∏ó‡∏¥‡∏á,1356
‡∏Ñ‡∏•‡∏≤‡∏¢‡πÄ‡∏Ñ‡∏£‡∏µ‡∏¢‡∏î,1357
‡∏õ‡∏°,1358
‡∏Å‡∏≤‡∏£‡πÄ‡∏°‡∏∑‡∏≠‡∏á,1359
‡∏Å‡πâ‡∏≠,1360
‡πÑ‡∏õ‡∏°‡∏≤,1361
oops,1362
‡∏™‡∏≤‡∏°‡∏ä‡∏±‡πâ‡∏ô,1363
‡∏õ‡∏•‡∏∑‡πâ‡∏°,1364
‡πÄ‡∏õ‡πá‡∏ô‡∏Å‡∏≤‡∏£,1365
‡∏à‡πâ‡∏≠‡∏á,1366
‡πÄ‡∏´‡∏¢‡∏µ‡∏¢‡∏ö,1367
üòÇ,1368
‡∏ô‡πà‡∏≤‡∏î‡∏π,1369
‡∏°‡∏±‡∏Å,1370
‡∏ß‡∏à‡∏∞,1371
‡∏•‡∏≠‡∏¢,1372
‡∏™‡∏ô‡∏≠‡∏á,1373
need,1374
‡∏ú‡∏π‡πâ‡∏Å‡∏≥‡∏Å‡∏±‡∏ö,1375
‡πÄ‡∏Ç‡πâ‡∏≤‡∏Ç‡∏±‡πâ‡∏ô,1376
‡∏®‡∏£‡∏µ‡∏ò‡∏±‡∏ç‡∏ç‡∏≤,1377
‡πÉ‡∏ô‡πÅ‡∏á‡πà,1378
‡∏Å‡∏≤‡∏£‡πÅ‡∏™‡∏î‡∏á,1379
‡∏™‡∏±‡∏î,1380
‡∏®‡∏£‡∏±‡∏ó‡∏ò‡∏≤,1381
‡∏ß‡∏≤‡∏á‡πÅ‡∏ú‡∏ô,1382
‡∏ï‡∏ô‡πÄ‡∏≠‡∏á,1383
‡πÉ‡∏™‡πà‡∏£‡πâ‡∏≤‡∏¢,1384
‡∏≠‡πâ‡∏ß‡∏Å,1385
‡πÄ‡∏Ñ‡∏•‡∏µ‡∏¢‡∏£‡πå,1386
‡∏Ç‡∏±‡∏ö,1387
‡πÇ‡∏ñ,1388
‡∏™‡∏£‡πâ‡∏≤‡∏á‡∏†‡∏≤‡∏û,1389
‡∏Ç‡∏¢‡∏±‡∏ô,1390
‡∏î‡∏∂‡∏Å,1391
‡∏Ç‡∏µ‡πâ‡πÄ‡∏•‡∏∑‡πà‡∏≠‡∏¢,1392
‡πÅ‡∏°‡πâ‡∏ß,1393
‡∏õ‡∏¥‡∏î‡πÑ‡∏ü,1394
‡∏´‡∏•‡∏±‡∏ö‡∏ï‡∏≤,1395
‡∏¢‡∏±‡∏á‡∏Ñ‡∏á,1396
‡∏´‡∏•‡∏á,1397
‡πÄ‡∏ä‡∏µ‡πâ‡∏¢,1398
‡∏©‡∏ê‡∏≤,1399
‡∏Ñ‡∏≠‡∏°,1400
‡πÅ‡∏ô‡πà‡∏ô,1401
‡πÄ‡∏ä‡∏∑‡∏≠‡∏Å,1402
‡πÇ‡∏≠‡πä‡∏¢,1403
‡πÑ‡∏î‡πâ‡∏Ñ‡∏ß‡∏≤‡∏°,1404
‡∏ã‡∏µ‡∏ô,1405
‡∏ï‡πâ‡∏ô‡πÄ‡∏´‡∏ï‡∏∏,1406
‡∏Ç‡∏ô‡∏≤‡∏ô,1407
‡πÄ‡∏ï‡∏¥‡∏°,1408
‡∏≠‡∏≠‡∏ô,1409
‡πÄ‡∏ß‡πâ‡∏¢,1410
?‡∏´‡∏∑‡∏°,1411
‡∏à‡∏π,1412
‡πÄ‡∏•‡∏µ‡∏¢‡∏ô,1413
‡∏à‡πå,1414
‡∏≠‡∏∑‡∏°,1415
‡∏ï‡∏≠‡∏ô‡∏ô‡∏±‡πâ‡∏ô,1416
‡∏´‡∏±‡∏ß‡πÄ‡∏Ç‡πà‡∏≤,1417
‡πÄ‡∏£‡∏¥‡πà‡∏°,1418
‡πÄ‡∏î‡πá‡∏î,1419
‡πÅ‡∏•‡∏Å,1420
‡πÅ‡∏•,1421
‡∏ï‡πà‡∏≤‡∏á,1422
‡∏ö‡πà‡∏ô,1423
‡πÑ‡∏ß,1424
‡∏™‡∏ô‡∏±‡∏ö‡∏™‡∏ô‡∏∏‡∏ô,1425
‡∏ß‡∏¥‡πà‡∏á,1426
‡∏ó‡∏∏‡πà‡∏á,1427
‡πÄ‡∏ß‡∏ô‡πÄ‡∏î‡∏≠‡∏£‡πå,1428
‡πÄ‡∏™‡∏£‡πà‡∏≠,1429
‡∏¢‡∏∑‡∏°,1430
!!!!,1431
‡∏ï‡πâ‡∏ô,1432
‡∏´‡∏≠‡∏°,1433
‡πÄ‡∏û‡∏∑‡πà‡∏≠‡∏ô‡∏£‡∏±‡∏Å,1434
‡πâ,1435
‡∏£‡∏∏‡πà‡∏ô‡∏ô‡πâ‡∏≠‡∏á,1436
‡πÄ‡∏™‡πâ‡∏ô‡πÄ‡∏≠‡πá‡∏ô,1437
‡∏Ñ‡∏ô‡∏Ñ‡∏£‡∏±‡∏ß,1438
‡∏Å‡∏•‡∏≤‡∏Å,1439
‡πÄ‡∏Å‡∏•‡∏∑‡πâ‡∏≠‡∏ô,1440
‡πÄ‡∏Ç‡πâ‡∏≤‡∏Ñ‡∏£‡∏±‡∏ß,1441
‡πÅ‡∏•‡πâ‡∏ß‡∏Å‡∏±‡∏ô,1442
‡πÄ‡∏™‡∏°‡∏≠,1443
‡πÄ‡∏°‡∏∑‡πà‡∏≠‡∏Å‡∏µ‡πâ,1444
‡∏Å‡∏£‡∏∞‡∏î‡∏≤‡∏Å‡∏õ‡∏≤‡∏Å,1445
‡∏û‡∏µ‡πà‡πÉ‡∏´‡∏ç‡πà,1446
‡πÑ‡∏£‡πâ‡∏õ‡∏£‡∏∞‡πÇ‡∏¢‡∏ä‡∏ô‡πå,1447
‡πÄ‡∏ï‡∏∑‡∏≠‡∏ô,1448
‡∏á‡πà‡∏ß‡∏á,1449
‡∏ú‡∏≠‡∏°,1450
‡πÄ‡∏Å‡∏£‡∏á‡πÉ‡∏à,1451
‡∏î‡πâ‡∏ß‡∏¢‡πÉ‡∏à,1452
‡∏õ‡∏•‡∏≤,1453
‡∏™‡∏°‡∏±‡∏Ñ‡∏£,1454
‡∏Ç‡∏≠‡∏ó‡∏≤‡∏ô,1455
‡∏ô‡∏π‡πâ‡∏ô,1456
‡πÄ‡∏´‡∏°‡πá‡∏ô,1457
‡∏õ‡∏•‡∏≤‡πÄ‡∏Ñ‡πá‡∏°,1458
‡∏ñ‡∏±‡∏á‡∏Ç‡∏¢‡∏∞,1459
‡πÅ‡∏°‡∏•‡∏á‡∏ß‡∏±‡∏ô,1460
‡∏Å‡∏≤‡∏£‡∏≠‡∏ò‡∏¥‡∏ö‡∏≤‡∏¢,1461
‡πÇ‡∏ü‡∏Å‡∏±‡∏™,1462
‡∏à‡∏∏‡∏î,1463
‡πÅ‡∏Ç‡∏ß‡∏∞,1464
‡∏´‡∏±‡∏ß‡∏Ç‡πâ‡∏≠,1465
‡∏ä‡∏ô,1466
‡πÄ‡∏ã‡πÄ‡∏ß‡πà‡∏ô,1467
‡∏ï‡∏£‡∏á‡∏Å‡∏•‡∏≤‡∏á,1468
‡πÇ‡∏Å‡∏´‡∏Å,1469
‡∏Ñ‡∏π‡πà,1470
‡πÄ‡∏õ‡∏•‡πà‡∏≤,1471
‡∏Å‡πã‡∏≤‡∏Å‡∏±‡πà‡∏ô,1472
‡∏ó‡∏≠‡∏°‡∏ö‡∏≠‡∏¢,1473
‡πÄ‡∏õ‡∏£‡∏µ‡πâ‡∏¢‡∏ß,1474
‡∏ï‡∏•‡∏≤‡∏î‡∏™‡∏î,1475
‡πÄ‡∏Å‡∏µ‡∏¢‡∏à,1476
‡∏ü‡∏≤‡∏î,1477
‡∏ï‡∏±‡πâ‡∏á‡∏Å‡∏£‡∏∞‡∏ó‡∏π‡πâ,1478
‡∏£‡∏ß‡∏°,1479
‡πÄ‡∏¢,1480
‡∏™‡∏≠‡∏á,1481
‡∏™‡∏≤‡∏°,1482
//,1483
‡∏ô‡∏£‡∏Å,1484
‡∏£‡πâ‡∏≠‡∏á‡πÄ‡∏û‡∏•‡∏á,1485
‡∏•‡πâ‡∏°‡∏•‡πâ‡∏≤‡∏á,1486
‡∏Å‡∏©‡∏±‡∏ï‡∏¢‡πå,1487
‡∏ï‡πà‡∏≠‡∏ï‡πâ‡∏≤‡∏ô,1488
‡∏ä‡∏≠‡∏ö‡πÉ‡∏à,1489
‡∏Ñ‡∏∏‡∏ì‡∏Ñ‡∏£‡∏π,1490
‡∏£‡∏∞‡∏î‡∏±‡∏ö,1491
‡∏ñ‡∏∏‡∏¢,1492
‡∏Å‡∏£‡∏∞‡πÅ‡∏î‡∏∞,1493
‡∏£‡πâ‡∏≠‡∏¢,1494
‡πÄ‡∏≠‡∏ü,1495
‡∏≠‡∏∏‡∏ö‡∏≤‡∏ó‡∏ß‡πå,1496
‡∏´‡πâ‡∏≠‡∏á‡πÄ‡∏£‡∏µ‡∏¢‡∏ô,1497
‡∏ú‡∏π‡πâ‡∏î‡∏µ,1498
‡∏Ñ‡∏ô‡πÄ‡∏•‡∏ß,1499
‡∏£‡∏∞‡∏¢‡∏≠‡∏á,1500
‡∏ã‡∏ß‡∏¢,1501
‡∏ô‡∏∂‡∏Å‡∏ñ‡∏∂‡∏á,1502
‡πÇ‡∏™‡∏î,1503
‡πÄ‡∏•‡∏ß,1504
‡∏Å‡∏≤‡∏ù‡∏≤‡∏Å,1505
‡∏´‡∏¢‡∏≤‡∏ö‡∏Ñ‡∏≤‡∏¢,1506
‡πÄ‡∏î‡∏µ‡πã‡∏¢‡∏ß‡∏ô‡∏µ‡πâ,1507
‡πÇ‡∏ß‡πä‡∏¢,1508
‡∏°‡∏±‡∏ô‡∏î‡∏µ,1509
‡∏±‡∏π‡πâ,1510
‡∏ã‡∏≠‡∏ô,1511
‡πÄ‡∏£‡∏∑‡πà‡∏≠‡∏¢‡πÜ,1512
‡πÅ‡∏Å‡πâ‡πÑ‡∏Ç,1513
‡∏≠‡∏∑‡πà‡∏ô‡πÜ,1514
‡πÅ‡∏Å‡πâ‡∏õ‡∏±‡∏ç‡∏´‡∏≤,1515
‡πÅ‡∏Æ‡∏∞,1516
‡πÄ‡∏°‡∏∑‡∏≠‡∏á,1517
‡∏Å‡∏£‡∏∞‡∏î‡∏≤‡∏ô,1518
‡∏™‡∏±‡∏°‡∏†‡∏≤‡∏©‡∏ì‡πå,1519
‡∏°‡∏µ‡∏ó‡∏≤‡∏á,1520
‡∏•‡∏≥‡∏ö‡∏≤‡∏Å,1521
‡πÅ‡∏™‡∏î‡∏á‡∏ß‡πà‡∏≤,1522
‡∏£‡∏≠‡∏¢,1523
‡∏≠‡∏∏‡πä‡∏¢,1524
‡πÄ‡∏ï‡∏µ‡πâ‡∏¢,1525
‡∏Ñ‡∏∏‡∏ì‡∏´‡∏ô‡∏π,1526
‡∏£‡πå‡∏ó,1527
‡∏ó‡∏±‡πâ‡∏á‡∏ß‡∏±‡∏ô,1528
‡∏¢‡∏≠‡∏°‡πÉ‡∏´‡πâ,1529
‡∏≠‡∏Ñ‡∏ï‡∏¥,1530
‡πÑ‡∏≠‡πÇ‡∏ü‡∏ô,1531
‡∏à‡∏∂‡∏á,1532
‡∏ß‡∏¥‡∏ä‡∏≤,1533
‡∏≠‡∏¢‡∏π‡πà‡∏î‡∏µ,1534
‡∏Ñ‡∏≥‡∏ï‡πà‡∏≠‡∏Ñ‡∏≥,1535
‡∏ô‡∏¥‡∏™‡∏¥‡∏ï,1536
‡∏î‡∏π‡∏à‡∏∞,1537
‡∏õ‡∏£‡∏∞‡∏ä‡∏î‡∏õ‡∏£‡∏∞‡∏ä‡∏±‡∏ô,1538
‡πÄ‡∏Å‡∏∑‡∏≠‡∏ö,1539
‡∏ö‡∏±‡∏Å,1540
‡∏Å‡∏¥‡∏ô‡πÉ‡∏ô,1541
‡∏û‡∏•‡∏∞,1542
‡∏ò‡∏£‡∏£‡∏°‡∏î‡∏≤,1543
‡∏Ñ‡∏≤,1544
‡∏•‡∏≤‡∏ö,1545
‡∏ô‡∏±‡πà‡∏ô‡∏™‡∏¥,1546
‡∏ß‡∏≤‡∏á‡∏ï‡∏±‡∏ß,1547
‡πÄ‡∏õ‡πá‡∏ô‡πÉ‡∏´‡∏ç‡πà,1548
‡∏®‡∏π‡∏ô‡∏¢‡πå‡∏Å‡∏•‡∏≤‡∏á,1549
‡∏à‡∏±‡∏Å‡∏£‡∏ß‡∏≤‡∏•,1550
‡∏ß‡∏≠‡∏£‡πå‡∏°,1551
‡πÅ‡∏´‡∏°‡πà‡∏°,1552
‡∏°‡∏±‡∏ô‡∏™‡∏°‡∏≠‡∏á,1553
‡∏™‡∏•‡∏ß‡∏¢,1554
‡πÄ‡∏£‡∏µ‡∏¢‡∏á‡∏ï‡∏±‡∏ß,1555
‡∏ô‡πâ‡∏≥‡πÅ‡∏Ç‡πá‡∏á,1556
‡πÄ‡∏õ‡πä‡∏õ‡∏ã‡∏µ‡πà,1557
‡∏ß‡πâ‡∏≤‡∏ß,1558
‡∏´‡∏¥‡∏ß,1559
‡∏´‡πâ‡∏≤‡∏ß,1560
‡∏°‡∏µ‡πÄ‡∏Å‡∏µ‡∏¢‡∏£‡∏ï‡∏¥,1561
‡∏´‡∏≥,1562
‡πÄ‡∏™‡∏ô‡∏µ‡∏¢‡∏î,1563
‡∏´‡∏ô‡πà‡∏≠,1564
‡∏™‡∏†‡∏≤‡∏û,1565
‡πÅ‡∏≠‡∏£‡πå,1566
‡∏ô‡∏¥‡∏î‡∏ô‡∏∂‡∏á,1567
‡πÄ‡∏â‡πÑ‡∏â,1568
‡∏£‡∏ñ‡πÑ‡∏ü,1569
‡πÇ‡∏ï‡πä‡∏∞,1570
‡∏°‡∏µ‡πÄ‡∏£‡∏∑‡πà‡∏≠‡∏á,1571
‡∏¢‡πà‡∏≤,1572
‡∏õ.,1573
‡∏Ç‡∏ô,1574
‡∏™‡∏≤‡∏Ç‡∏≤,1575
‡∏¢‡πà‡∏≠‡∏¢,1576
‡∏ß‡∏™‡∏≤,1577
‡∏Ç‡∏≤‡πÉ‡∏´‡∏ç‡πà,1578
‡∏™‡∏ö‡∏π‡πà,1579
‡∏û‡∏£‡∏∞‡πÄ‡∏≠‡∏Å,1580
‡∏ó‡∏±‡πâ‡∏á‡∏ó‡∏µ‡πà,1581
‡∏ã‡πà‡∏≠‡∏ô‡∏£‡∏π‡∏õ,1582
‡∏Ñ‡∏£‡∏±‡∏ß,1583
‡πÅ‡∏Å‡∏£‡πá‡∏Å‡πÜ,1584
‡∏ö‡∏¥‡∏ô,1585
‡∏à‡πä‡∏≤‡∏Å,1586
‡∏ô‡πâ‡∏≠‡∏¢‡∏Å‡∏ß‡πà‡∏≤,1587
‡∏´‡∏ß‡πà‡∏≤‡∏á,1588
‡πÅ‡∏ü‡∏ô‡∏Ñ‡∏•‡∏±‡∏ö,1589
‡∏ö,1590
‡πÄ‡∏ú‡∏∑‡∏≠‡∏Å,1591
‡πÑ‡∏£‡πâ‡∏™‡∏≤‡∏£‡∏∞,1592
‡∏Ñ‡∏ô‡∏ä‡∏±‡πâ‡∏ô‡∏ï‡πà‡∏≥,1593
‡πÜ‡πÜ,1594
‡∏≠‡∏≤,1595
‡πÄ‡∏Å‡∏∑‡∏≠‡∏ö‡∏à‡∏∞,1596
‡∏î‡∏∑‡πâ‡∏≠,1597
‡∏´‡∏ô‡∏∏‡πà‡∏°,1598
‡πÄ‡∏õ‡∏¢‡πå,1599
‡πÄ‡∏•‡∏µ‡πâ‡∏¢‡∏ß,1600
‡πÅ‡∏ï‡∏∞‡∏ï‡πâ‡∏≠‡∏á,1601
‡πÅ‡∏°‡πâ‡πÅ‡∏ï‡πà,1602
‡∏õ‡∏•‡∏≤‡∏¢,1603
‡∏Å‡πâ‡∏≠‡∏¢,1604
‡∏ó‡∏∞‡πÄ‡∏•,1605
‡∏´‡∏≤‡∏á,1606
‡∏ô‡∏∏‡πâ‡∏¢,1607
‡∏°‡∏∏‡∏Å,1608
‡∏ò‡∏£‡∏£‡∏°‡∏ä‡∏≤‡∏ï‡∏¥,1609
‡∏¢‡∏≠‡∏°‡∏£‡∏±‡∏ö,1610
‡πÉ‡∏à‡∏à‡∏£‡∏¥‡∏á,1611
‡∏£‡∏π‡πâ‡∏≠‡∏¢‡∏π‡πà,1612
‡∏Ñ‡∏ï‡∏¥,1613
‡∏™‡∏ß‡∏¢‡∏´‡∏£‡∏π,1614
‡∏ß‡∏¥‡∏ò‡∏µ‡∏Å‡∏≤‡∏£,1615
‡πÄ‡∏£‡∏µ‡∏¢‡∏•,1616
‡∏™‡∏≥‡πÄ‡∏ô‡∏µ‡∏¢‡∏á,1617
‡∏†‡∏≤‡∏©‡∏≤,1618
‡∏Å‡∏¥‡∏£‡∏¥‡∏¢‡∏≤,1619
‡∏™‡∏Å‡∏∏‡∏•,1620
‡∏´‡∏°‡∏∏‡∏ô‡∏£‡∏≠‡∏ö,1621
‡πÅ‡∏ô‡∏ß‡∏Ñ‡∏¥‡∏î,1622
‡∏û‡∏∑‡πâ‡∏ô‡∏ó‡∏µ‡πà,1623
feminine,1624
‡∏°‡∏≤‡∏Å‡πÄ‡∏Å‡∏¥‡∏ô‡πÑ‡∏õ,1625
fake,1626
‡∏ú‡∏ç,1627
‡∏ú‡∏ç.,1628
‡∏î‡∏∏,1629
‡πÄ‡∏•‡∏¥‡∏®,1630
‡∏ç‡∏≤‡∏ï‡∏¥‡∏û‡∏µ‡πà‡∏ô‡πâ‡∏≠‡∏á,1631
‡πÇ‡∏ò‡πà,1632
‡πÅ‡∏ï‡πà‡∏•‡∏∞‡∏Ñ‡∏ô,1633
‡∏ä‡πà‡∏≤‡∏á,1634
‡πÅ‡∏•‡∏î‡∏π,1635
‡∏Ç‡∏≤‡∏î‡∏™‡∏≤‡∏£‡∏≠‡∏≤‡∏´‡∏≤‡∏£,1636
‡∏û‡∏±‡∏í‡∏ô‡∏≤‡∏Å‡∏≤‡∏£,1637
‡∏°‡∏¥‡∏´‡∏ô‡∏≥‡∏ã‡πâ‡∏≥,1638
‡∏≠‡∏≤‡∏´‡∏≤‡∏£‡∏Å‡∏•‡∏≤‡∏á‡∏ß‡∏±‡∏ô,1639
‡∏´‡∏¢‡∏ß‡∏Å,1640
‡∏ï‡∏£‡∏á‡πÑ‡∏´‡∏ô,1641
‡πÅ‡∏ä‡∏£‡πå,1642
‡∏ó‡∏∏‡πâ‡∏°,1643
‡∏¢‡∏≠‡∏ô,1644
‡∏Å‡πâ‡∏≤‡∏ï‡∏ö,1645
‡πÄ‡∏®‡∏©,1646
‡πÄ‡∏´‡∏•‡∏∑‡∏≠,1647
‡∏Ñ‡∏±‡∏ö,1648
‡∏ó‡∏¥‡∏ô,1649
‡∏ó‡πå,1650
‡∏£‡∏≤‡∏Ñ‡∏≤,1651
‡∏à‡∏¥‡πã‡∏°,1652
‡∏õ‡πà‡∏≤‡∏ô‡∏ô‡∏µ‡πâ,1653
‡∏ï‡∏±‡∏ß‡∏à‡∏£‡∏¥‡∏á,1654
‡πÇ‡∏õ‡∏£,1655
‡πÄ‡∏î‡∏µ‡πã‡∏¢‡∏ß‡∏Å‡πà‡∏≠‡∏ô,1656
‡∏û‡∏µ‡∏ó,1657
‡πÄ‡∏ä‡∏∑‡πâ‡∏≠,1658
‡πÑ‡∏î‡πâ‡∏£‡∏±‡∏ö,1659
‡∏ú‡∏•‡∏Å‡∏£‡∏∞‡∏ó‡∏ö,1660
‡∏û‡∏§‡∏ï‡∏¥‡∏Å‡∏£‡∏£‡∏°,1661
‡∏Ñ‡∏ß‡∏≤‡∏°‡πÄ‡∏õ‡πá‡∏ô‡∏°‡∏ô‡∏∏‡∏©‡∏¢‡πå,1662
‡∏ß‡∏¥‡∏ò‡∏µ,1663
‡∏û‡∏ö,1664
‡∏ó‡∏≥‡∏£‡πâ‡∏≤‡∏¢,1665
‡πÄ‡∏¢‡πá‡∏ö,1666
‡πÉ‡∏õ,1667
‡πÅ‡∏´,1668
‡∏¢‡∏∑‡∏ô,1669
‡∏ô‡∏¥‡πà‡∏á,1670
‡πÄ‡∏ß‡∏ô,1671
‡∏•‡∏±‡∏Å‡∏©‡∏ì‡∏∞,1672
‡∏ó‡∏µ‡πÄ‡∏î‡∏µ‡∏¢‡∏ß,1673
‡∏•‡∏á‡∏°‡∏≤,1674
‡πÄ‡∏õ‡∏•‡∏µ‡πà‡∏¢‡∏ô‡∏Ñ‡∏ß‡∏≤‡∏°‡∏Ñ‡∏¥‡∏î,1675
‡πÄ‡∏£,1676
‡∏Ñ‡πà‡∏≠‡∏ô‡∏Ç‡πâ‡∏≤‡∏á,1677
‡∏°‡∏µ‡∏î,1678
‡∏Ñ‡∏±‡∏ó,1679
‡∏≠‡∏¥‡∏î,1680
‡∏≠‡∏Å,1681
‡πÅ‡∏à‡πâ‡∏á‡∏ï‡∏≥‡∏£‡∏ß‡∏à,1682
‡∏Å‡∏£‡∏∞‡∏ó‡∏∑‡∏ö,1683
‡∏≠‡∏¥‡∏™‡∏±‡∏™,1684
‡∏≠‡∏¢‡∏π‡πà‡∏î‡∏µ‡πÜ,1685
‡πÄ‡∏Ñ‡∏£‡∏∑‡πà‡∏≠‡∏á‡∏î‡∏π‡∏î‡∏ù‡∏∏‡πà‡∏ô,1686
‡∏Ç‡∏µ‡πâ‡∏Ç‡πâ‡∏≤,1687
‡∏Ñ‡∏≥‡∏ä‡∏°,1688
‡∏ó‡∏ß‡∏µ‡∏ï,1689
‡πÇ‡∏ã,1690
‡πÄ‡∏Ç‡πâ‡∏≤‡∏ó‡∏≥‡∏á‡∏≤‡∏ô,1691
‡∏Ç‡∏µ‡πâ‡πÄ‡∏´‡∏£‡πà,1692
‡∏õ‡∏≤‡∏ô,1693
‡∏ô‡∏≤‡∏á‡∏ü‡πâ‡∏≤,1694
‡πÇ‡∏™‡πÇ‡∏Ñ‡∏£‡∏Å,1695
‡∏£‡∏±‡∏á,1696
‡πÄ‡∏•‡∏µ‡πâ‡∏¢‡∏á‡∏î‡∏π,1697
‡∏¢‡πà‡∏≤‡∏á,1698
‡∏ã‡∏∑‡πà‡∏≠‡∏™‡∏±‡∏ï‡∏¢‡πå‡∏™‡∏∏‡∏à‡∏£‡∏¥‡∏ï,1699
‡∏™‡∏∞‡∏≠‡∏≤‡∏î‡∏™‡∏∞‡∏≠‡πâ‡∏≤‡∏ô,1700
‡∏Å‡∏£‡∏∞‡∏ó‡∏≥,1701
‡πÄ‡∏ä‡πá‡∏Ñ,1702
‡∏ó‡∏±‡πâ‡∏á‡∏Ñ‡∏π‡πà,1703
‡πÉ‡∏ï‡πâ,1704
‡∏Ç‡πâ‡∏≠‡∏°‡∏π‡∏•,1705
‡∏ú‡∏¥‡∏ß,1706
‡πÄ‡∏°‡∏∑‡πà‡∏≠‡πÑ‡∏´‡∏£‡πà,1707
‡πÑ‡∏õ‡πÄ‡∏ó‡∏µ‡πà‡∏¢‡∏ß,1708
‡∏≠‡∏≤‡∏ä‡∏µ‡∏û,1709
‡∏Ñ‡∏ô‡∏£‡πâ‡∏≤‡∏¢,1710
‡∏Ñ‡∏ß‡∏≤‡∏°‡∏™‡∏ô‡πÉ‡∏à,1711
‡∏Ñ‡∏ß‡∏≤‡∏°‡∏ú‡∏¥‡∏î,1712
‡πÄ‡∏•‡∏ß‡∏£‡πâ‡∏≤‡∏¢,1713
‡∏î‡∏π‡∏ó‡πà‡∏≤,1714
‡∏ó‡∏≥‡∏•‡∏≤‡∏¢,1715
‡∏•‡πà‡∏≤‡∏°,1716
‡∏ï‡∏ö‡∏°‡∏∑‡∏≠,1717
‡∏´‡∏£‡∏∑‡∏≠‡∏¢‡∏±‡∏á,1718
‡∏ä‡∏∞‡∏ô‡∏µ,1719
‡∏ó‡∏µ‡πÑ‡∏£,1720
‡∏û‡∏ß‡∏Å‡∏Ñ‡∏∏‡∏ì,1721
‡∏ö‡πà,1722
‡∏ï‡∏≤‡∏°‡∏ó‡∏µ‡πà,1723
‡πÅ‡∏Å‡πâ‡∏°,1724
‡∏™‡∏ï‡∏¥,1725
‡∏ó‡∏ä‡πå,1726
20,1727
‡πÇ‡∏î‡∏î,1728
‡∏™‡∏°‡∏ô‡πâ‡∏≥‡∏´‡∏ô‡πâ‡∏≤,1729
‡∏à‡∏≠,1730
‡∏ü‡∏£‡∏µ,1731
‡∏Ñ‡∏£‡∏≠‡∏á,1732
‡∏ö‡∏±‡∏•‡∏•‡∏±‡∏á‡∏Å‡πå,1733
‡πÄ‡∏ú‡∏¢‡∏Ñ‡∏ß‡∏≤‡∏°‡∏•‡∏±‡∏ö,1734
‡πÅ‡∏°‡∏•‡∏á‡∏™‡∏≤‡∏ö,1735
‡∏≠‡∏≠‡∏ü,1736
‡∏ö‡∏µ,1737
‡∏ó‡∏≥‡πÉ‡∏à,1738
‡πÅ‡∏ï‡∏á‡πÇ‡∏°,1739
‡∏ú‡∏•‡∏õ‡∏£‡∏∞‡πÇ‡∏¢‡∏ä‡∏ô‡πå,1740
‡∏Æ‡∏∏‡∏ô,1741
30,1742
‡∏£‡πä‡∏ö,1743
‡∏ü‡∏π‡πâ‡∏î,1744
‡∏Å‡∏£‡πâ‡∏≤‡∏ô,1745
555555555555555555555555,1746
‡∏õ‡∏±‡πâ‡∏ô,1747
‡πÅ‡∏´‡∏°,1748
‡∏ö‡∏∏‡πä‡∏Ñ,1749
‡∏≠‡∏∏‡∏ö‡∏≤‡∏ó,1750
‡∏™‡πà‡∏≠‡∏á,1751
‡∏≠‡∏¢‡πà‡∏≤‡∏á‡∏ô‡∏µ‡πâ,1752
‡∏Ç‡πâ‡∏≠‡∏ú‡∏¥‡∏î‡∏û‡∏•‡∏≤‡∏î,1753
‡∏´‡∏ô,1754
‡∏°‡∏ô,1755
‡πÄ‡∏ä‡∏¥‡∏î,1756
‡∏≠‡∏ô‡∏∏,1757
‡∏ç‡∏≤‡∏ï‡∏¥,1758
‡∏´‡∏•‡∏ß‡∏á,1759
‡∏Å‡∏ô‡∏Å,1760
‡∏ô‡πà‡∏≤‡πÄ‡∏Å‡∏•‡∏µ‡∏¢‡∏î,1761
#‡πÄ‡∏ô,1762
‡∏ó‡∏µ‡∏•‡∏∞,1763
‡∏™‡∏ß‡∏°,1764
‡∏´‡∏°‡∏ß‡∏Å,1765
‡∏´‡∏ô‡∏≠‡∏á‡∏ô‡πâ‡∏≥,1766
‡πÄ‡∏õ‡πá‡∏ô‡πÄ‡∏ß‡∏•‡∏≤,1767
‡∏û‡∏±‡∏ô‡∏õ‡∏µ,1768
‡∏ä‡∏±‡πà‡∏ß‡∏ä‡∏µ‡∏ß‡∏¥‡∏ï,1769
‡πÄ‡∏™‡πâ‡∏ô‡∏õ‡∏£‡∏∞‡∏™‡∏≤‡∏ó,1770
‡∏Å‡∏µ‡πâ,1771
‡∏ò‡∏£‡∏£‡∏°,1772
‡πÄ‡∏ô‡∏µ‡∏¢‡∏ö,1773
‡∏à‡πà‡∏≤‡∏¢‡πÄ‡∏á‡∏¥‡∏ô‡πÄ‡∏î‡∏∑‡∏≠‡∏ô,1774
‡∏•‡∏π‡∏Å‡∏ô‡πâ‡∏≠‡∏á,1775
‡∏™‡πà‡∏ß‡∏ô‡∏ï‡∏±‡∏ß,1776
kfc,1777
‡∏ß‡∏¥‡∏á,1778
‡∏ã‡πå,1779
‡πÅ‡∏ã‡πà‡∏ö,1780
29,1781
34,1782
‡πÄ‡∏´‡∏•‡πà,1783
‡∏ï‡∏•‡∏≠‡∏î‡πÑ‡∏õ,1784
‡πÄ‡∏õ‡∏¥‡∏î‡∏£‡∏±‡∏ö,1785
‡∏™‡∏¥‡πà‡∏á‡πÉ‡∏´‡∏°‡πà,1786
‡πÅ‡∏Ç‡∏Å,1787
‡πÄ‡∏ö‡∏∑‡πâ‡∏≠‡∏á‡∏ö‡∏ô,1788
‡∏™‡∏±‡∏Å‡∏ô‡∏¥‡∏î,1789
‡∏≠‡∏≤‡∏Å‡∏≤‡∏®,1790
‡∏à‡∏≥‡πÄ‡∏õ‡πá‡∏ô,1791
2.5,1792
‡∏û‡∏≠‡∏Å‡∏±‡∏ô,1793
‡∏≠‡∏±‡∏ö‡∏≠‡∏≤‡∏¢,1794
‡∏ö‡∏≤‡∏á‡∏≠‡∏¢‡πà‡∏≤‡∏á,1795
‡πÄ‡∏õ‡πá‡∏ô‡∏Ñ‡∏ß‡∏≤‡∏°‡∏•‡∏±‡∏ö,1796
‡∏õ‡∏µ‡∏ô,1797
‡∏ö‡∏±‡∏ô‡πÑ‡∏î,1798
‡∏Ç‡∏∂‡πâ‡∏ô‡πÑ‡∏õ,1799
‡∏ó‡∏µ‡∏´‡∏•‡∏±‡∏á,1800
‡πÄ‡∏¢‡∏∑‡∏≠‡∏ô,1801
‡πÅ‡∏Ñ‡πâ‡∏ô,1802
‡πÅ‡∏°‡πà‡∏Æ‡πà‡∏≠‡∏á‡∏™‡∏≠‡∏ô,1803
‡∏°‡∏µ‡πÇ‡∏≠‡∏Å‡∏≤‡∏™,1804
‡∏£‡∏±‡∏ö‡∏ü‡∏±‡∏á,1805
‡∏ä‡∏≤‡∏ï‡∏¥‡∏û‡∏±‡∏ô‡∏ò‡∏∏‡πå,1806
132,1807
‡πÄ‡∏õ‡πá‡∏ô‡πÑ‡∏õ‡πÑ‡∏î‡πâ,1808
‡∏Ñ‡∏£‡∏±‡πâ‡∏á‡πÅ‡∏£‡∏Å,1809
‡∏î‡∏ô‡∏ï‡∏£‡∏µ,1810
‡∏ö‡∏£‡∏£‡πÄ‡∏•‡∏á,1811
‡πÄ‡∏Ç‡πâ‡∏≤‡∏à‡∏±‡∏á‡∏´‡∏ß‡∏∞,1812
energy,1813
‡∏ö‡∏∏‡∏Ñ‡∏•‡∏≤‡∏Å‡∏£,1814
‡∏™‡∏∏‡∏á‡∏™‡∏¥‡∏á,1815
‡πÄ‡∏Å‡∏£‡∏µ‡∏¢‡∏ß,1816
‡∏Å‡∏£‡∏≤‡∏î,1817
‡∏á‡∏Å,1818
‡∏á‡∏°,1819
‡∏ô‡πà‡∏≤‡πÄ‡∏Ñ‡∏≤‡∏£‡∏û,1820
‡πÄ‡∏£‡∏ó,1821
‡∏ï‡∏¥‡πâ‡∏á,1822
‡∏ä‡πà‡∏ß‡∏á‡∏´‡∏•‡∏±‡∏á,1823
‡πÄ‡∏Æ‡πâ‡∏≠,1824
‡πÄ‡∏≠‡πá‡∏ô‡∏î‡∏π,1825
‡πÄ‡∏Å‡∏∑‡∏≠‡∏ö‡∏ï‡∏≤‡∏¢,1826
‡∏ï‡πâ‡∏≠‡∏á‡∏´‡∏≤,1827
‡∏ï‡∏≤‡∏°‡∏´‡∏ô‡πâ‡∏≤‡∏ó‡∏µ‡πà,1828
‡∏£‡∏±‡∏ö‡∏ú‡∏¥‡∏î‡∏ä‡∏≠‡∏ö,1829
‡∏™‡∏∏‡∏ô‡∏±‡∏Ç,1830
‡∏™‡∏∞‡∏û‡∏≤‡∏ô,1831
:,1832
43.40,1833
‡∏Å‡∏•‡πâ‡∏≠‡∏á,1834
‡∏ß‡∏á‡∏à‡∏£,1835
‡∏õ‡∏∑‡∏î,1836
‡∏ó‡∏∞‡πÄ‡∏ö‡∏µ‡∏¢‡∏ô,1837
‡∏ä‡∏±‡∏î‡πÄ‡∏à‡∏ô,1838
‡∏î‡∏≥‡πÄ‡∏ô‡∏¥‡∏ô‡∏Å‡∏≤‡∏£,1839
‡πÅ‡∏à‡πâ‡∏á‡∏Ñ‡∏ß‡∏≤‡∏°,1840
‡∏î‡∏≥‡πÄ‡∏ô‡∏¥‡∏ô‡∏Ñ‡∏î‡∏µ,1841
‡∏™‡∏≥‡∏ô‡∏∂‡∏Å,1842
‡∏õ‡∏±‡∏î,1843
‡∏†‡∏≤‡∏£‡∏∞,1844
‡∏û‡πâ‡∏ô‡∏ï‡∏±‡∏ß,1845
‡∏û‡∏π‡∏î‡∏ß‡πà‡∏≤,1846
‡∏ä‡∏°‡∏û‡∏π,1847
‡πÄ‡∏Ç‡∏µ‡∏¢‡∏ß,1848
‡πÅ‡∏™‡∏î,1849
‡∏≠‡∏à,1850
‡∏ö‡∏•‡∏π,1851
‡∏•‡∏π‡∏Å‡πÄ‡∏°‡∏µ‡∏¢‡∏ô‡πâ‡∏≠‡∏¢,1852
‡πÄ‡∏ô‡πâ‡∏ô,1853
‡∏Ñ‡∏ï‡∏ô‡∏Å‡∏¨,1854
‡∏ö‡∏±‡∏á‡∏Ñ‡∏±‡∏ö,1855
‡∏≠‡∏ß‡∏î‡∏£‡∏ß‡∏¢,1856
‡πÅ‡∏≠‡πä‡∏Ñ,1857
‡∏û‡∏π‡∏î‡∏°‡∏≤‡∏Å,1858
‡πÉ‡∏´‡πâ‡∏Å‡∏≥‡∏•‡∏±‡∏á‡πÉ‡∏à,1859
‡πÄ‡∏î‡∏¥‡∏ô‡∏õ‡πà‡∏≤,1860
‡πÄ‡∏Ñ‡∏£‡∏∑‡πà‡∏≠‡∏á‡∏î‡∏∑‡πà‡∏°,1861
‡∏ß‡∏±‡∏ô‡∏ß‡∏≤‡∏ô,1862
‡∏õ‡∏£‡∏∞‡πÄ‡∏†‡∏ó,1863
‡∏´‡∏ô‡πâ‡πâ‡∏≤,1864
report,1865
‡πÄ‡∏´‡∏ô‡∏∑‡∏≠‡∏Å‡∏ß‡πà‡∏≤,1866
‡πÇ‡∏ó‡∏î,1867
‡πÇ‡∏£‡∏á‡πÅ‡∏£‡∏°,1868
‡∏ß‡∏∏‡πà‡∏ô‡∏ß‡∏≤‡∏¢,1869
‡πÅ‡∏Ç‡πá‡∏á‡πÅ‡∏£‡∏á,1870
‡πÑ‡∏°‡πà‡πÄ‡∏õ‡πá‡∏ô‡πÑ‡∏£,1871
‡∏ï‡∏≤‡∏¢‡πÇ‡∏´‡∏á,1872
‡∏ô‡∏≠‡∏Å‡πÉ‡∏à,1873
‡πÄ‡∏¢‡∏µ‡πà‡∏¢‡∏ß,1874
‡∏°‡∏•‡∏∞,1875
‡∏à‡∏π‡∏á‡∏à‡∏°‡∏π‡∏Å,1876
‡∏™‡∏°‡πÄ‡∏û‡∏ä,1877
‡πÑ‡∏≠‡πà,1878
‡∏´‡∏ô‡∏≠‡∏ô,1879
‡∏Ç‡∏∂‡πâ‡∏ô‡∏´‡∏ô‡πâ‡∏≤,1880
‡∏Å‡∏£‡∏∞‡∏ö‡∏µ‡πà,1881
‡∏à‡∏±‡∏á‡∏´‡∏ß‡∏±‡∏î,1882
‡∏õ‡∏•‡∏∏‡∏Å,1883
‡∏Ç‡∏≠‡∏ö‡∏û‡∏£‡∏∞‡∏Ñ‡∏∏‡∏ì,1884
‡∏ü‡πâ‡∏≠‡∏á,1885
‡πÄ‡∏ä‡∏∑‡∏≠‡∏î‡πÑ‡∏Å‡πà‡πÉ‡∏´‡πâ‡∏•‡∏¥‡∏á‡∏î‡∏π,1886
‡∏£‡πâ‡∏≠‡∏¢‡∏ó‡∏±‡πâ‡∏á‡∏£‡πâ‡∏≠‡∏¢,1887
‡∏Ñ‡∏µ‡∏¢‡πå‡∏ö‡∏≠‡∏£‡πå‡∏î,1888
‡πÇ‡∏õ‡∏£‡πÑ‡∏ü‡∏•‡πå,1889
‡∏ã‡∏±‡∏û‡∏û‡∏≠‡∏£‡πå‡∏ï,1890
‡∏õ‡∏∏‡πâ‡∏¢,1891
‡∏Ç‡∏≠‡∏£‡πâ‡∏≠‡∏á,1892
‡πÅ‡∏¢‡∏Å‡∏Å‡∏±‡∏ô,1893
‡∏Ñ‡∏ß‡∏≤‡∏°‡∏≠‡πà‡∏≠‡∏ô‡πÅ‡∏≠,1894
‡∏™‡∏≠‡∏î,1895
‡∏ó‡πà‡∏≠‡∏ô‡πÑ‡∏°‡πâ,1896
‡πÄ‡∏≠‡πã,1897
‡∏ó‡∏≥‡∏ó‡πà‡∏≤,1898
‡∏Å‡∏≥‡∏•‡∏±‡∏á‡∏à‡∏∞,1899
‡∏à‡∏µ‡∏ö,1900
‡∏Ñ‡∏∏‡∏¢‡πÄ‡∏Å‡πà‡∏á,1901
‡∏¢‡πâ‡∏≥,1902
‡∏î‡πà‡∏≤‡∏Å‡∏•‡∏±‡∏ö,1903
‡∏Å‡∏£‡∏≤‡∏ö,1904
‡πÄ‡∏ä‡πâ‡∏≤,1905
‡∏°‡∏∞‡∏°‡πà‡∏ß‡∏á,1906
‡∏£‡πà‡∏ß‡∏á,1907
‡πÑ‡∏ß‡∏£‡∏±‡∏™,1908
‡πÉ‡∏´‡πâ‡∏Ñ‡∏ß‡∏≤‡∏°‡∏£‡∏π‡πâ,1909
‡∏ß‡∏¥‡∏ó‡∏¢‡∏≤‡∏Å‡∏£,1910
‡∏û‡∏∑‡πâ‡∏ô‡∏ê‡∏≤‡∏ô,1911
‡πÄ‡∏ô‡∏∑‡πâ‡∏≠‡∏ï‡∏±‡∏ß,1912
‡∏Ñ‡πà‡∏≤‡∏ô‡∏¥‡∏¢‡∏°,1913
‡∏Ñ‡∏á‡∏≠‡∏¢‡∏π‡πà,1914
‡πÑ,1915
‡∏°‡πà,1916
‡∏Ç‡∏≠‡∏á‡πÄ‡∏•‡πà‡∏ô,1917
‡∏ï‡∏∞‡πÇ‡∏Å‡∏ô,1918
‡∏Ñ‡∏≤‡∏£‡∏≤‡πÄ‡∏°‡∏•,1919
‡∏°‡∏±‡∏Ñ,1920
‡πÄ‡∏Ñ‡∏µ‡∏¢,1921
‡πÄ‡∏Ñ‡∏≤,1922
‡∏õ‡∏£‡∏∞‡∏ä‡∏≤‡∏™‡∏±‡∏°‡∏û‡∏±‡∏ô‡∏ò‡πå,1923
‡∏Ñ‡∏ß‡∏≤‡∏°‡πÄ‡∏´‡πá‡∏ô,1924
‡πÄ‡∏Ñ‡∏£‡∏µ‡∏¢,1925
‡πÄ‡∏Å‡∏¥‡∏ô‡∏Ñ‡∏ô,1926
‡πÄ‡∏™‡∏∑‡∏≠,1927
‡∏ó‡∏≤‡∏¢,1928
‡∏ï‡∏≠‡∏ö‡πÇ‡∏ï‡πâ,1929
‡∏Ñ‡∏ß‡∏≤‡∏°‡∏£‡∏±‡∏Å,1930
‡∏õ‡πÜ,1931
‡∏ï‡∏≠‡∏ô‡πÄ‡∏¢‡πá‡∏ô,1932
‡∏´‡∏´‡∏´‡∏´!!!!,1933
‡πÄ‡∏î‡πâ,1934
‡πÄ‡∏ß‡∏•‡∏≤‡∏ß‡πà‡∏≤‡∏á,1935
‡∏ä‡∏ß‡∏ô,1936
‡πÄ‡∏ó‡∏µ‡πà‡∏¢‡∏ß‡πÄ‡∏•‡πà‡∏ô,1937
‡∏°‡∏´‡∏≤‡∏•‡∏±‡∏¢,1938
‡πÉ‡∏´‡πâ‡∏¢‡∏∑‡∏°,1939
‡∏´‡πâ‡∏≠‡∏á‡∏û‡∏±‡∏Å,1940
‡∏Ç‡∏≠‡∏á‡∏Å‡∏¥‡∏ô,1941
‡πÄ‡∏•‡∏µ‡πâ‡∏¢‡∏á‡∏Ç‡πâ‡∏≤‡∏ß,1942
‡∏Å‡∏£‡∏∞‡∏ó‡∏∞,1943
#‡∏°‡∏≠,1944
12,1945
‡πÄ‡∏°.‡∏¢.,1946
xxxx,1947
xxxxx,1948
‡∏ä‡∏≤‡∏£‡πå‡∏ï,1949
‡∏û‡∏∏‡πà‡∏á,1950
‡∏ï‡∏¥‡∏î‡∏ï‡∏≤‡∏°,1951
‡∏ö‡∏û.,1952
‡∏Ü‡∏≤‡∏ï‡∏Å‡∏£,1953
‡∏î‡πä‡∏≠‡∏Å‡πÄ‡∏ï‡∏≠‡∏£‡πå,1954
‡∏Å‡∏•‡∏ß‡∏á,1955
‡∏°‡∏∞‡∏ï‡∏π‡∏°,1956
‡∏Ñ‡∏•‡∏±‡∏ö,1957
‡∏ö‡∏•‡πá‡∏≠‡∏Ñ,1958
‡∏Ç,1959
‡∏ó‡∏≠‡∏î,1960
‡∏™‡∏¥‡∏ô‡∏Ñ‡πâ‡∏≤,1961
‡∏î‡∏¥‡∏ä‡∏±‡πâ‡∏ô,1962
‡∏±,1963
‡∏û‡∏π‡∏î‡∏ï‡∏≤‡∏°,1964
‡∏´‡∏¢‡∏î,1965
‡πÇ‡∏ã‡∏î‡∏≤,1966
‡∏™‡∏¥‡∏á‡∏´‡πå,1967
‡πÅ‡∏´‡∏ô‡∏ö,1968
‡πÅ‡∏ô‡∏°,1969
‡πÅ‡∏ö‡πà‡∏á‡πÅ‡∏¢‡∏Å,1970
‡∏î‡∏µ‡∏Ç‡∏∂‡πâ‡∏ô,1971
‡∏ô‡πâ‡∏≥‡∏•‡∏≤‡∏¢‡πÑ‡∏´‡∏•,1972
‡∏Å‡∏•‡∏≠‡∏á,1973
‡∏Å‡πà‡∏≠‡∏ô‡∏ó‡∏µ‡πà,1974
"3,5,7,9",1975
‡∏ú‡∏±‡∏ô,1976
‡πÄ‡∏õ‡πá‡∏ô‡∏≠‡∏¥‡∏™‡∏£‡∏∞,1977
‡∏á‡πà‡∏≤‡∏¢‡∏î‡∏≤‡∏¢,1978
classic,1979
gameshop,1980
shield,1981
sword,1982
‡πÄ‡∏´‡∏ô‡∏∑‡πà‡∏≠‡∏¢‡πÉ‡∏à,1983
‡∏°‡∏≤‡∏¢‡∏±‡∏á,1984
‡∏°‡∏±‡∏ß‡πÅ‡∏ï‡πà,1985
‡πÇ‡∏ó‡∏£‡∏®‡∏±‡∏û‡∏ó‡πå,1986
‡∏õ‡∏£‡∏∞‡∏ò‡∏≤‡∏ô,1987
‡∏û‡πà‡∏≠‡∏Ñ‡πâ‡∏≤,1988
‡∏ô‡∏≤‡∏¢‡∏ó‡∏∏‡∏ô,1989
‡∏Å‡∏î‡∏Ç‡∏µ‡πà‡∏Ç‡πà‡∏°‡πÄ‡∏´‡∏á,1990
‡∏£‡∏≤‡∏©‡∏é‡∏£,1991
‡πÄ‡∏´‡∏°‡∏≤‡∏∞,1992
ig,1993
story,1994
‡∏¢‡∏≤‡∏ö‡πâ‡∏≤,1995
‡πÄ‡∏û‡πâ‡∏≠,1996
toxic,1997
masculinity,1998
‡πÄ‡∏Æ‡∏á‡∏ã‡∏ß‡∏¢,1999
‡∏Å‡∏±‡∏ô‡∏ó‡∏µ‡πà,2000
‡πÄ‡∏Ç‡πâ‡∏°‡πÅ‡∏Ç‡πá‡∏á,2001
‡πÅ‡∏™‡∏î‡∏á‡∏ó‡πà‡∏≤‡∏ó‡∏≤‡∏á,2002
‡∏≠‡πà‡∏≠‡∏ô‡∏´‡∏ß‡∏≤‡∏ô,2003
‡πÇ‡∏Æ,2004
‡πÇ‡∏ü‡∏ö,2005
‡∏®‡∏±‡∏ï‡∏£‡∏π,2006
patriarchy,2007
‡∏Ñ‡∏≠‡∏≠‡πà‡∏≠‡∏ô,2008
‡πÅ‡∏î‡∏£‡∏Å,2009
‡∏ñ‡∏π‡∏Å‡πÜ,2010
125,2011
‡∏ú‡∏∑‡∏ô,2012
‡∏ß‡πà‡∏≤‡πÅ‡∏ï‡πà,2013
‡∏ô‡πâ‡∏≠‡∏á‡πÜ,2014
‡πÄ‡∏á‡∏¥‡∏ô‡πÄ‡∏î‡∏∑‡∏≠‡∏ô,2015
‡∏Å‡∏•‡∏∑‡∏ô‡∏ô‡πâ‡∏≥‡∏•‡∏≤‡∏¢,2016
‡∏ñ‡∏π‡∏Å‡∏´‡∏ß‡∏¢,2017
55555555,2018
‡πÄ‡∏î‡πà‡∏ô,2019
‡πÄ‡∏Ñ‡∏™,2020
‡∏¢‡∏Å‡πÄ‡∏•‡∏¥‡∏Å,2021
‡∏≠‡∏≠‡∏Å‡∏à‡∏≤‡∏Å,2022
‡∏ó‡πà‡∏≤‡∏ó‡∏≤‡∏á,2023
‡∏≠‡∏≠‡∏Å‡∏à‡∏∞,2024
‡∏ä‡∏±‡∏¢‡∏ä‡∏ô‡∏∞,2025
‡∏Å.‡∏°.,2026
‡∏Ñ‡∏∏‡πâ‡∏°‡∏Ñ‡∏£‡∏≠‡∏á,2027
‡∏õ‡∏ä‡∏ä.,2028
‡∏£‡∏±‡∏ö‡∏£‡∏≠‡∏á,2029
‡∏Ñ‡∏¥‡∏ô,2030
‡∏ã‡∏µ,2031
‡∏Ç‡πâ‡∏≤‡∏á‡πÜ,2032
‡∏´‡∏µ‡∏ö,2033
‡πÄ‡∏´‡∏•‡πá‡∏Å,2034
‡∏Å‡πà‡∏≠‡∏ô‡∏´‡∏ô‡πâ‡∏≤‡∏ô‡∏µ‡πâ,2035
‡πÄ‡∏î‡∏¥‡∏ô‡∏ú‡πà‡∏≤‡∏ô,2036
‡∏ú‡∏¥‡∏î‡πÅ‡∏õ‡∏•‡∏Å,2037
‡∏ï‡πà‡∏≠‡∏£‡∏≠‡∏á,2038
‡∏ï‡∏≥‡∏£‡∏ß‡∏à,2039
‡∏Ç‡∏≠‡∏á‡∏Ç‡∏ß‡∏±‡∏ç,2040
‡πÄ‡∏ß‡∏≠‡∏£‡πå‡∏ä‡∏±‡πà‡∏ô,2041
‡∏ù‡∏±‡πà‡∏á,2042
‡∏™‡∏î,2043
‡∏•‡∏∞‡∏°‡∏∏‡∏ô‡∏•‡∏∞‡πÑ‡∏°,2044
‡∏û‡∏•‡∏π‡πÇ‡∏ï,2045
‡∏≤‡∏≤‡∏≤,2046
‡∏°‡∏±‡πà‡∏ô‡πÉ‡∏à‡∏ï‡∏±‡∏ß‡πÄ‡∏≠‡∏á,2047
‡πÅ‡∏î‡∏á,2048
‡∏Ñ‡∏ô‡∏ö‡πâ‡∏≤‡∏ô‡∏ô‡∏≠‡∏Å,2049
‡∏´‡∏±‡∏ß‡πÇ‡∏ö‡∏£‡∏≤‡∏ì,2050
‡∏Å‡∏≤‡∏£‡∏Ç‡πà‡∏°‡∏Ç‡∏∑‡∏ô,2051
‡∏™‡∏°‡∏¢‡∏≠‡∏°,2052
‡∏•‡πà‡∏≠‡πÅ‡∏´‡∏•‡∏°,2053
‡∏•‡∏±‡∏ö‡∏ï‡∏≤‡∏Ñ‡∏ô,2054
‡πÄ‡∏Å‡∏£‡∏≤‡∏∞,2055
‡πÅ‡∏•‡πâ‡∏ß‡πÅ‡∏ï‡πà,2056
‡∏µ‡πã‡πã‡∏¢‡∏ß,2057
84000,2058
‡∏£,2059
‡πÄ‡∏°‡∏¥‡∏ô,2060
‡∏ó‡∏±‡πâ‡∏á‡∏™‡∏≠‡∏á‡∏ù‡πà‡∏≤‡∏¢,2061
‡∏ã‡∏∂‡πà‡∏á‡∏Å‡∏±‡∏ô‡πÅ‡∏•‡∏∞‡∏Å‡∏±‡∏ô,2062
‡∏ô‡∏¥‡∏î‡πÄ‡∏î‡∏µ‡∏¢‡∏ß,2063
‡∏ô‡∏±‡πà‡∏á‡∏•‡∏á,2064
‡∏û‡∏∂‡πà‡∏á‡∏ï‡∏±‡∏ß‡πÄ‡∏≠‡∏á,2065
‡∏Å‡∏≤‡∏•‡∏Å‡∏¥‡∏ì‡∏µ,2066
‡∏ß‡πâ‡∏≤,2067
‡πÄ‡∏à‡∏µ‡πä‡∏¢‡∏ö,2068
‡∏Ñ‡∏•‡∏¥‡∏ô‡∏¥‡∏Å,2069
‡πÄ‡∏Æ‡πÇ‡∏£‡∏≠‡∏µ‡∏ô,2070
‡∏Å‡∏•‡∏±‡∏ö‡∏Ñ‡∏∑‡∏ô,2071
‡∏†‡∏≤‡∏¢‡πÉ‡∏ô,2072
‡∏Å‡∏≥‡∏´‡∏ô‡∏î,2073
‡πÅ‡∏•‡πà,2074
‡∏≠‡∏£‡∏£‡∏ñ,2075
‡∏û‡∏±‡∏ô‡∏ò‡πå,2076
‡∏ô‡∏∏‡πà‡∏ô,2077
‡∏à‡∏≥‡πÑ‡∏î‡πâ,2078
‡∏†‡∏π‡∏ï,2079
‡∏û‡∏¥‡∏®‡∏ß‡∏≤‡∏™,2080
‡πÅ‡∏ó‡∏ô‡∏ó‡∏µ‡πà‡∏à‡∏∞,2081
‡∏≠‡∏∏,2082
‡∏™‡πà‡∏≤,2083
‡∏´‡πå,2084
‡∏´‡∏ô‡∏±‡∏á‡∏ï‡∏•‡∏Å,2085
‡πÄ‡∏´‡πâ‡∏≠,2086
tiktok,2087
‡∏î‡πà‡∏≤‡∏ô,2088
‡∏ï.,2089
‡∏ö‡πÅ‡∏£‡∏á,2090
‡∏à‡∏ö‡∏ä‡∏µ‡∏ß‡∏¥‡∏ï,2091
‡∏Ñ‡∏ô‡πÄ‡∏£‡∏≤,2092
‡∏ú‡∏¥‡∏î‡∏û‡∏•‡∏≤‡∏î,2093
‡∏ó‡∏≥‡∏ú‡∏¥‡∏î,2094
‡∏£‡∏∞‡∏ô‡∏≤‡∏ß,2095
‡πÑ‡∏°‡πà‡πÄ‡∏õ‡πá‡∏ô‡∏≠‡∏±‡∏ô,2096
‡∏≠‡∏¢‡πà‡∏≤‡∏á‡πÑ‡∏£,2097
‡πÄ‡∏î‡∏∑‡∏≠‡∏ô,2098
‡∏≠‡∏∂‡∏Å,2099
‡∏≠‡∏±‡∏î,2100
‡∏¢‡∏±‡∏á‡∏Å‡∏±‡∏ö,2101
‡πÅ‡∏™‡∏£‡πâ‡∏á‡∏ó‡∏≥,2102
‡∏Ç‡∏≠‡∏ö‡πÄ‡∏Ç‡∏ï,2103
‡∏ä‡∏µ‡πâ‡πÅ‡∏à‡∏á,2104
‡πÅ‡∏ñ‡∏•‡∏á,2105
‡∏î‡πâ‡∏ß‡∏¢‡∏ï‡∏±‡∏ß‡πÄ‡∏≠‡∏á,2106
‡∏î‡∏∂‡∏á,2107
‡πÉ‡∏´‡∏ç‡πà‡πÇ‡∏ï,2108
‡∏ï‡∏≤‡∏°‡∏ï‡∏±‡∏ß,2109
‡∏´‡∏¢‡∏¥‡∏ö,2110
‡πÉ‡∏à‡πÄ‡∏¢‡πá‡∏ô,2111
‡∏ó‡∏≤‡∏Å,2112
‡πÄ‡∏î‡∏≤,2113
‡πÑ‡∏°‡πÄ‡∏Ñ‡∏¥‡∏•,2114
‡πÄ‡∏≠‡πá‡∏Å‡∏ã‡πå,2115
‡∏Å‡∏≤‡∏£‡∏û‡∏≤,2116
‡∏û‡πâ‡∏ô,2117
‡∏Ñ‡∏∏‡∏Å,2118
‡∏Å‡∏≤‡∏£‡∏Ç‡∏π‡πà,2119
‡∏†‡∏≤‡∏û‡∏ñ‡πà‡∏≤‡∏¢,2120
‡∏ô‡πà‡∏≤‡∏≠‡∏±‡∏ö‡∏≠‡∏≤‡∏¢,2121
‡πÄ‡∏ä‡∏∑‡πâ‡∏≠‡∏û‡∏£‡∏∞‡∏ß‡∏á‡∏®‡πå,2122
‡∏û‡∏£‡∏∞‡∏≠‡∏á‡∏Ñ‡πå,2123
‡∏ö‡πâ‡∏≤‡∏ô‡πÄ‡∏î‡∏µ‡πà‡∏¢‡∏ß,2124
‡∏ï‡πâ‡πâ‡∏≠‡∏á,2125
‡∏î‡∏¥‡πâ‡∏ô,2126
loser,2127
‡πÄ‡∏î‡πá‡∏Å‡∏î‡∏µ,2128
‡∏û‡∏≠‡πÅ‡∏•‡πâ‡∏ß,2129
‡∏û‡∏¥‡∏Å‡∏≤‡∏£,2130
‡πÄ‡∏™‡πÅ‡∏™‡∏£‡πâ‡∏á,2131
‡πÉ‡∏´‡πâ‡πÑ‡∏î‡πâ,2132
‡∏°‡∏µ‡∏Ñ‡∏ß‡∏≤‡∏°‡∏´‡∏°‡∏≤‡∏¢,2133
‡∏ô‡∏¥‡∏™‡∏±‡∏¢‡πÄ‡∏™‡∏µ‡∏¢,2134
‡∏™‡∏≤‡∏£‡∏£‡∏π‡∏õ,2135
‡∏ï‡∏±‡∏ß‡πÄ‡∏ö‡∏≤,2136
‡πÄ‡∏£‡∏¢,2137
‡πÄ‡∏õ‡πã‡∏≤,2138
‡πÑ‡∏õ‡∏î‡∏π,2139
‡∏Ñ‡∏≠‡∏£‡∏±‡∏õ‡∏ä‡∏±‡πà‡∏ô,2140
‡∏ï‡∏£‡∏ß‡∏à‡∏™‡∏≠‡∏ö,2141
‡∏ô‡∏≠‡∏Å‡πÄ‡∏£‡∏∑‡πà‡∏≠‡∏á,2142
‡∏î‡πà‡∏≤‡∏ß‡πà‡∏≤,2143
‡∏•‡∏≥‡∏ö‡∏≤‡∏Å‡πÉ‡∏à,2144
‡∏à‡∏±‡∏ö‡πÑ‡∏î‡πâ,2145
‡∏ú‡∏π‡∏Å,2146
‡∏≠‡∏±‡∏à‡∏â‡∏£‡∏¥‡∏¢‡∏∞,2147
‡∏ï‡∏¥,2148
‡πÄ‡∏™‡∏µ‡∏¢‡∏ä‡∏µ‡∏ß‡∏¥‡∏ï,2149
‡∏ü‡∏µ,2150
!!!!!!!!!,2151
‡∏û‡πâ‡∏≠,2152
‡∏•‡∏≠‡∏¢‡∏ï‡∏±‡∏ß,2153
‡πÑ‡∏î‡πâ‡πÄ‡∏á‡∏¥‡∏ô,2154
‡∏ü‡∏¥‡∏Ñ,2155
‡∏à‡∏¥‡∏ô‡∏ï‡∏ô‡∏≤‡∏Å‡∏≤‡∏£,2156
‡πÄ‡∏î‡∏∑‡∏≠‡∏î‡∏£‡πâ‡∏≠‡∏ô,2157
‡πÄ‡∏ö‡∏™,2158
‡∏ô‡πà‡∏≤‡∏Å‡∏•‡∏±‡∏ß,2159
‡∏Å‡∏•‡∏≤‡∏¢,2160
‡πÄ‡∏õ‡πá‡∏ô‡∏ó‡∏µ‡πà,2161
‡∏Æ‡∏∑‡∏≠‡∏Æ‡∏≤,2162
‡πÄ‡∏ó‡∏£‡∏ô‡∏î‡πå,2163
‡πÑ‡∏≠‡∏î‡∏≠‡∏•,2164
‡πÜ‡∏Ñ‡∏ô,2165
beauty,2166
‡πÄ‡∏Ñ‡∏•‡πá‡∏î‡∏•‡∏±‡∏ö,2167
‡∏ö‡∏≠‡∏Å‡∏ï‡πà‡∏≠,2168
‡∏Å‡∏∞‡πÄ‡∏ó‡∏¢,2169
‡πÄ‡∏¢‡∏¥‡πâ‡∏°,2170
‡∏Å‡∏±‡∏ç‡∏ä‡∏≤,2171
‡∏•‡∏µ,2172
‡∏Ñ‡∏≠,2173
‡∏à‡∏î‡∏´‡∏°‡∏≤‡∏¢,2174
‡∏ß‡∏≤‡∏á‡∏™‡∏≤‡∏¢,2175
‡∏õ‡∏∏‡πä,2176
‡∏ô‡∏∂‡∏Å‡∏≠‡∏≠‡∏Å,2177
‡∏™‡∏≤‡∏ò‡∏≤‡∏£‡∏ì‡∏∞,2178
55,2179
‡∏ï‡∏ö‡∏´‡∏ô‡πâ‡∏≤,2180
‡∏•‡∏±‡πà‡∏ô,2181
‡πÄ‡∏´‡∏•‡πà‡∏≤‡∏ô‡∏µ‡πâ,2182
‚Ä¶,2183
‡∏ä‡∏¥‡∏î,2184
‡πÄ‡∏õ‡πâ‡∏≤,2185
‡∏Ñ‡∏£‡∏∏‡πà‡∏ô‡∏Ñ‡∏¥‡∏î,2186
‡∏ú‡πâ‡∏≤‡∏•‡∏π‡∏Å‡πÑ‡∏°‡πâ,2187
‡∏≠‡πà‡∏≠‡∏ô‡πÑ‡∏´‡∏ß,2188
‡∏£‡∏π‡∏°,2189
‡πÄ‡∏°‡∏ó,2190
‡∏¢‡πâ‡∏≤‡∏¢‡∏≠‡∏≠‡∏Å,2191
‡πÅ‡∏•‡πâ‡∏ß‡πÑ‡∏õ,2192
‡∏Ñ‡∏ì‡∏∞,2193
strong,2194
‡πÄ‡∏≠‡∏≤‡πÉ‡∏à,2195
‡πÄ‡∏≠‡πá‡∏ô,2196
‡∏Å‡∏£‡∏£‡∏°‡∏û‡∏±‡∏ô‡∏ò‡∏∏‡πå,2197
‡πÅ‡∏ô‡∏∞‡∏ô‡∏≥,2198
‡∏Ñ‡πà‡∏≠‡∏¢,2199
‡∏ä‡πå,2200
‡∏ä‡∏±‡∏Å,2201
‡πÄ‡∏´‡∏¥‡∏°‡πÄ‡∏Å‡∏£‡∏¥‡∏°,2202
‡∏£‡∏∞‡∏ß‡∏±‡∏á‡∏ï‡∏±‡∏ß,2203
‡πÑ‡∏Å‡πà‡πÄ‡∏Ç‡∏µ‡πà‡∏¢,2204
‡∏•‡∏•,2205
‡∏õ‡∏∏‡πà‡∏°‡∏Å‡∏î,2206
‡πÄ‡∏Å‡∏£‡∏¢‡πå,2207
‡∏™‡∏±‡∏ô,2208
‡∏Ç‡∏µ‡πâ‡πÇ‡∏Å‡∏á,2209
‡πÄ‡∏™‡∏µ‡πâ‡∏¢‡∏ô‡∏´‡∏ô‡∏≤‡∏°,2210
üò´,2211
‡πÄ‡∏à‡πâ‡∏≤‡∏ä‡∏π‡πâ,2212
‡∏°‡∏≤‡∏¢,2213
‡∏õ‡πà‡∏ô,2214
‡∏Å‡πâ‡∏≤‡∏á,2215
üê≠üíöüåà,2216
#‡πÄ‡∏ö‡∏ö‡∏µ‡πã,2217
‡∏Ñ‡∏£‡∏±‡πâ‡∏á,2218
‡∏õ‡∏≤‡∏£‡πå‡∏ï‡∏µ‡πâ,2219
‡∏ä‡∏±‡∏Ñ,2220
‡πÇ‡∏´‡∏•‡∏î,2221
‡∏ï‡∏¥‡πâ‡∏Å,2222
‡∏ï‡πâ‡∏≠,2223
!!!!!!!!,2224
‡∏Ç‡∏¢‡πâ‡∏≥,2225
‡∏Ñ‡∏ß‡∏≤‡∏°‡∏™‡∏±‡∏°‡∏û‡∏±‡∏ô‡∏ò‡πå,2226
‡∏ú‡πà‡∏≤‡∏¢,2227
‡∏™‡∏ñ‡∏≤‡∏ô‡∏∞,2228
‡∏Ñ‡∏•‡πâ‡∏≤‡∏¢,2229
‡∏ó‡∏≥‡∏î‡∏µ,2230
‡∏Ç‡∏¢‡∏∞‡πÅ‡∏Ç‡∏¢‡∏á,2231
‡∏≠‡∏≤‡∏Å‡∏≤‡∏£,2232
‡∏≠‡∏∞‡πÑ‡∏£‡∏Å‡πá‡∏ï‡∏≤‡∏°,2233
‡πÄ‡∏™‡∏¥‡∏£‡πå‡∏ä,2234
‡∏≠‡∏¥‡∏ô‡πÄ‡∏ó‡∏≠‡∏£‡πå‡πÄ‡∏ô‡πá‡∏ï,2235
‡∏™‡∏°‡∏≤‡∏™,2236
‡πÄ‡∏´‡∏ï‡∏∏‡∏Å‡∏≤‡∏£‡∏ì‡πå,2237
‡∏á‡πà‡∏≠‡∏¢,2238
‡∏î‡∏î‡∏î,2239
‡∏£‡∏µ‡∏ß‡∏¥‡∏ß,2240
‡∏≤‡∏≤‡∏≤‡∏≤,2241
‡πÇ‡∏´‡∏ô,2242
‡∏ó‡∏≤,2243
‡∏ã‡∏≤‡∏ô,2244
‡πÄ‡∏à‡πâ‡∏≤‡∏ï‡∏±‡∏ß,2245
‡∏≠‡πâ‡∏≤‡∏ß,2246
‡∏´‡∏£‡∏∑‡∏≠‡∏õ‡∏•‡πà‡∏≤‡∏ß,2247
‡∏Ç‡∏±‡∏ö‡∏£‡∏ñ,2248
‡∏£‡∏ñ‡πÄ‡∏°‡∏•‡πå,2249
‡πÄ‡∏Ñ,2250
‡∏Å‡∏£‡∏∞‡∏î‡∏≤‡∏î,2251
‡∏≠‡∏≤‡∏ö‡∏ô‡πâ‡∏≥,2252
‡∏¢‡∏Å,2253
‡∏´‡∏ô‡∏≤,2254
‡∏´‡∏ô‡∏≤‡∏ß,2255
hd,2256
‡∏™‡∏ï‡πá‡∏≠‡∏Å,2257
‡∏Ñ‡∏ß‡∏≤‡∏°‡∏î‡∏µ,2258
‡∏•‡∏π‡∏Å‡∏ú‡∏π‡πâ‡∏ä‡∏≤‡∏¢,2259
‡∏´‡∏•‡∏±‡∏Å,2260
18,2261
‡∏ô‡∏±‡πâ‡∏±‡πâ‡∏ô,2262
‡∏Ñ‡∏≥‡πÅ‡∏ô‡∏∞‡∏ô‡∏≥,2263
‡πÅ‡∏ñ,2264
‡πÇ‡∏õ‡πâ‡∏∞,2265
‡∏Ñ‡∏ß‡∏≤‡∏°‡πÄ‡∏ô‡πà‡∏≤,2266
‡∏™‡∏±‡∏á‡πÄ‡∏Å‡∏ï‡∏ß‡πà‡∏≤,2267
‡πÄ‡∏õ‡πä‡∏∞,2268
‡∏´‡∏•‡∏ö‡∏´‡∏ô‡∏µ,2269
‡∏ï‡πà‡∏≤‡∏á‡∏î‡πâ‡∏≤‡∏ß,2270
‡∏≠‡∏≠‡∏Å‡πÄ‡∏™‡∏µ‡∏¢‡∏á,2271
‡πÅ‡∏ñ‡∏ß,2272
‡∏ó‡∏∏‡πÄ‡∏£‡∏®,2273
‡πÑ‡∏´‡∏•‡πà,2274
‡πÇ‡∏≠‡πâ‡∏¢,2275
‡∏Å‡∏é,2276
‡∏ô‡∏≠‡∏Å,2277
‡∏Å‡∏£‡∏∏‡∏á‡πÄ‡∏ó‡∏û,2278
25,2279
‡∏û‡∏¥‡∏©,2280
‡∏à‡πà‡∏≤,2281
21,2282
10,2283
‡∏ô‡∏≥‡∏°‡∏≤,2284
‡πÄ‡∏õ‡∏¥‡∏î‡∏£‡πâ‡∏≤‡∏ô,2285
‡∏û‡∏•‡∏≤‡∏î,2286
‡πÄ‡∏™‡∏µ‡∏¢‡∏á‡∏î‡∏µ,2287
‡∏õ‡∏è‡∏¥‡∏ö‡∏±‡∏ï‡∏¥,2288
‡∏ä‡∏∑‡πà‡∏≠‡πÄ‡∏™‡∏µ‡∏¢‡∏á,2289
‡∏à‡∏¥,2290
‡∏®‡∏¥‡∏•‡∏õ‡∏¥‡∏ô,2291
‡∏™‡∏ï,2292
‡πÇ‡∏°‡∏à‡∏¥,2293
‡∏£‡∏ß‡∏°‡∏û‡∏•,2294
‡∏´‡∏¢‡∏≠‡∏¢,2295
‡πÄ‡∏Æ‡∏µ‡∏¢,2296
‡πÄ‡∏≠‡∏≤‡πÄ‡∏•‡∏¢,2297
‡∏™‡∏∏‡πÄ‡∏ó‡∏û,2298
‡∏û‡∏•‡πÄ‡∏≠‡∏Å,2299
‡∏õ‡∏£‡∏∞‡∏¢‡∏∏‡∏ó‡∏ò‡πå,2300
‡πÄ‡∏ô‡∏ß‡∏¥‡∏ô,2301
‡∏≠‡∏∏‡πä,2302
‡∏û‡∏π‡∏î‡∏Ñ‡∏ß‡∏≤‡∏°‡∏à‡∏£‡∏¥‡∏á,2303
‡∏ä‡πà‡∏ß‡∏¢‡πÑ‡∏°‡πà‡πÑ‡∏î‡πâ,2304
‡∏û‡∏£‡∏£‡∏Ñ,2305
‡∏´‡πâ‡∏≠‡∏¢,2306
‡∏°‡∏´‡∏≤‡∏î‡πÑ‡∏ó‡∏¢,2307
‡πÄ‡∏ä‡∏µ‡∏¢‡∏£‡πå,2308
‡πÅ‡∏°‡∏á‡∏î‡∏≤,2309
‡∏´‡∏≤‡∏Å‡∏¥‡∏ô,2310
‡∏™‡∏ö‡∏≤‡∏¢,2311
‡∏ô‡∏¥‡∏ô‡∏ó‡∏≤,2312
‡∏£‡∏™,2313
‡πÅ‡∏ï‡πà‡∏á‡∏´‡∏ô‡πâ‡∏≤,2314
‡∏ö‡∏≤‡∏£‡∏¥‡∏™‡∏ï‡πâ‡∏≤,2315
‡∏Å‡πä‡∏≠,2316
...‡∏ä‡∏á,2317
‡∏î‡πâ‡∏≤,2318
ü•∞,2319
‡∏Å‡∏•‡∏±‡πâ‡∏ô‡πÉ‡∏à,2320
‡∏™‡∏¥‡∏ß,2321
‡∏Ç‡∏≤‡∏¢‡∏ï‡∏±‡∏ß,2322
‡∏´‡∏°‡∏π‡πà,2323
‡∏ú‡∏¥‡∏î‡∏ó‡∏µ‡πà,2324
‡∏Ñ‡∏ô‡∏ô‡∏≠‡∏Å,2325
‡∏ï‡∏±‡πâ‡∏á‡∏Ñ‡∏≥‡∏ñ‡∏≤‡∏°,2326
‡∏î‡πâ‡∏ß‡∏¢‡∏ß‡πà‡∏≤,2327
‡∏ô‡∏ï,2328
‡∏°‡∏π‡∏ü,2329
‡∏™‡∏ï‡∏¥‡∏õ‡∏±‡∏ç‡∏ç‡∏≤,2330
‡∏û‡∏¥‡∏™‡∏π‡∏à‡∏ô‡πå,2331
‡∏™‡∏≠‡∏î‡∏£‡∏π‡πâ,2332
‡πÄ‡∏°‡∏¢‡πå,2333
‡∏™‡∏≤‡∏î,2334
‡πÄ‡∏î‡∏Å,2335
‡∏ã‡πà‡∏≠‡∏°,2336
‡∏≠‡∏∞‡∏ô‡∏∞,2337
‡πÄ‡∏Ç‡∏≤‡πÉ‡∏´‡∏ç‡πà,2338
‡∏õ‡∏£‡∏∞‡∏Å‡∏≤‡∏®,2339
‡∏û‡∏•‡∏±‡∏™,2340
‡πÄ‡∏ó‡∏¥‡∏£‡πå‡∏ô,2341
‡∏ö‡∏ß‡∏Å,2342
"2,500",2343
‡∏ñ‡πâ‡∏ß‡∏ô,2344
13,2345
‡∏û‡∏§‡∏®‡∏à‡∏¥‡∏Å‡∏≤‡∏¢‡∏ô,2346
‡∏à‡∏ô‡∏ñ‡∏∂‡∏á,2347
‡∏à‡∏î,2348
‡πÑ‡∏°‡πà‡πÄ‡∏´‡πá‡∏ô‡∏à‡∏∞,2349
‡∏à‡∏°,2350
‡πÄ‡∏Å‡∏£‡∏µ‡∏¢‡∏ô,2351
‡∏ó‡∏∏‡∏Å‡∏ß‡∏±‡∏ô‡∏ô‡∏µ‡πâ,2352
‡∏ó‡∏£‡∏á,2353
‡∏≠‡∏≠‡∏Å‡∏´‡∏ô‡πâ‡∏≤‡∏≠‡∏≠‡∏Å‡∏ï‡∏≤,2354
‡∏ï‡πå,2355
‡πÅ‡∏°‡πà‡∏Ñ‡πâ‡∏≤,2356
‡∏õ‡∏≠‡∏î,2357
‡πÇ‡∏°‡πÇ‡∏´,2358
‡πÄ‡∏Ñ‡∏µ‡πâ‡∏¢‡∏ß,2359
‡∏Å‡∏£‡∏∏‡∏ö,2360
‡∏Å‡∏£‡∏≠‡∏ö,2361
‡∏ö‡∏∏‡∏´‡∏£‡∏µ‡πà,2362
‡∏û‡∏≤‡∏£‡∏≤‡∏Å‡∏≠‡∏ô,2363
‡∏à‡∏£‡∏¥‡∏á‡πÉ‡∏à,2364
‡∏ß‡πà‡∏≤‡∏Å‡∏≤‡∏£,2365
‡∏á‡∏≠,2366
‡πÅ‡∏á,2367
‡∏•‡∏∏‡∏Å,2368
‡∏Ñ‡∏ß‡∏≤‡∏°‡πÄ‡∏™‡∏µ‡∏¢‡πÉ‡∏à,2369
‡πÄ‡∏Å‡∏¥‡∏ô‡∏Ñ‡∏ß‡∏≤‡∏°‡∏à‡∏≥‡πÄ‡∏õ‡πá‡∏ô,2370
‡πÉ‡∏à‡∏£‡πâ‡∏≤‡∏¢,2371
‡∏õ‡∏±‡πà‡∏ô,2372
‡∏Ñ‡∏∞‡πÅ‡∏ô‡∏ô‡πÄ‡∏ï‡πá‡∏°,2373
‡∏ù‡∏µ‡∏°‡∏∑‡∏≠,2374
‡∏ï‡∏Å‡πÑ‡∏õ,2375
‡πÄ‡∏•‡πà‡∏ô‡∏ï‡∏±‡∏ß,2376
‡πÄ‡∏à‡πã‡∏á,2377
‡∏Ñ‡∏ô‡∏•‡∏∞‡πÄ‡∏£‡∏∑‡πà‡∏≠‡∏á,2378
‡∏´‡∏ô‡πâ‡∏≤‡∏ó‡∏µ‡πà,2379
‡∏Å‡∏¥‡∏ô‡∏Å‡∏±‡∏ô,2380
‡∏¢‡∏≤‡∏°,2381
‡∏ô‡∏≤‡∏¢‡∏û‡∏•,2382
‡∏´‡∏±‡∏ß‡∏™‡∏π‡∏á,2383
‡∏î‡∏π‡πÑ‡∏°‡πà‡πÑ‡∏î‡πâ,2384
‡πÄ‡∏£‡∏∑‡πà‡∏≠‡∏¢,2385
‡∏£‡∏π‡πâ‡∏™‡∏∂‡∏Å‡∏ï‡∏±‡∏ß,2386
‡∏ô‡πâ‡∏≠‡∏á‡∏ä‡∏≤‡∏¢,2387
‡πÄ‡∏Å,2388
‡∏°‡∏°‡∏≤‡∏Å,2389
‡πÅ‡∏Ñ,2390
youtebebers,2391
‡∏ß‡∏≠‡∏ô,2392
‡∏ï‡πâ‡∏ô‡∏ï‡∏≠,2393
‡πÄ‡∏ö‡∏≤‡∏´‡∏ß‡∏≤‡∏ô,2394
‡πÉ‡∏Ç,2395
‡∏≠‡∏∏‡∏î,2396
‡πå‡∏•‡∏á,2397
‡∏ä‡πà‡∏ß‡∏¢‡∏Å‡∏±‡∏ô,2398
‡πÇ‡∏£‡∏Ñ,2399
‡∏•‡∏≠‡∏Å,2400
‡∏Å‡∏≤‡∏£‡∏ö‡πâ‡∏≤‡∏ô,2401
‡∏•‡∏π‡∏Å‡∏õ‡∏£‡∏∞‡∏Ñ‡∏ö,2402
‡∏•‡∏±‡πà‡∏ô‡∏ó‡∏°,2403
‡πÇ‡∏à‡∏°‡∏ï‡∏µ,2404
‡πÄ‡∏¢‡πá‡∏î,2405
‡πÄ‡∏•‡∏¥‡∏®‡∏´‡∏£‡∏π,2406
‡∏£‡∏≤‡∏á‡∏ß‡∏±‡∏•,2407
‡∏™‡∏Å‡πâ‡∏≤,2408
‡πÄ‡∏•‡∏õ,2409
‡πÜ‚Äã,2410
‡∏ö‡∏µ‡∏ö,2411
‡∏ß‚ù§Ô∏è,2412
‡∏ö‡∏π‡πä,2413
‡∏Ñ‡∏≠‡∏°‡πÄ‡∏°‡∏î‡∏µ‡πâ,2414
‡∏ã‡∏≠,2415
‡∏ü‡∏•‡∏á,2416
‡πÄ‡∏î‡∏¥‡∏°,2417
‡∏°‡∏≤‡∏ñ‡∏∂‡∏á,2418
‡∏ä‡∏¥‡∏á‡∏î‡∏µ‡∏ä‡∏¥‡∏á‡πÄ‡∏î‡πà‡∏ô,2419
‡πÄ‡∏û‡∏µ‡∏¢‡∏ö,2420
‡∏Ñ‡∏ß‡∏≤‡∏°‡∏™‡∏á‡∏™‡∏≤‡∏£,2421
‡πÄ‡∏´‡πá‡∏ô‡πÉ‡∏à,2422
‡πÉ‡∏î‡πÜ,2423
‡πÄ‡πÄ‡∏Ñ‡πà,2424
‡∏´‡πâ‡∏∞,2425
‡πÄ‡∏´‡∏°‡∏µ‡∏¢‡∏ß,2426
‡∏ó‡∏≥‡∏Ñ‡∏£‡∏±‡∏ß,2427
‡∏™‡∏≤‡∏ò‡∏¢‡∏≤‡∏¢,2428
‡∏£‡∏≤‡∏¢‡∏•‡∏∞‡πÄ‡∏≠‡∏µ‡∏¢‡∏î,2429
‡∏Ç‡∏∏‡∏î,2430
‡∏ï‡∏≥‡∏ô‡∏≤‡∏ô,2431
‚Äú#,2432
‡∏ã‡∏≠‡∏•,2433
‡∏Å‡∏≤,2434
‡∏™‡∏ñ‡∏≤‡∏ô,2435
‡πÅ‡∏û‡∏∞,2436
‡∏•‡∏≤‡∏Å,2437
‡∏ó‡∏±‡πà‡∏ß‡πÄ‡∏°‡∏∑‡∏≠‡∏á,2438
‡∏û‡∏£‡πâ‡∏≠‡∏°‡∏Å‡∏±‡∏ö,2439
‡∏´‡∏£‡∏µ‡πà‡∏ï‡∏≤,2440
‡∏ä‡πÅ‡∏ó‡∏Ñ,2441
‡∏à‡∏¥‡∏ö,2442
‡∏á‡πà‡∏≤‡∏¢‡πÜ,2443
‡∏õ‡∏≤,2444
‡∏ì‡∏≤,2445
‡πÇ‡∏´‡∏ô‡∏Å,2446
‡∏ä‡∏°‡∏û‡∏π‡πà,2447
‡∏´‡∏ô‡πâ‡∏≤‡∏ú‡∏≤‡∏Å,2448
‡πÄ‡∏≠‡∏ß,2449
‡∏û‡∏±‡∏ô‡∏ò‡∏∏‡∏Å‡∏£‡∏£‡∏°,2450
‡∏™‡∏≤‡∏£‡∏†‡∏≤‡∏û,2451
‡πÅ‡∏û‡∏ó,2452
‡∏≠‡∏µ‡∏™‡∏≤‡∏ô,2453
‡∏≠‡∏∏‡∏™‡∏≤,2454
‡∏ä‡∏ô‡∏ä‡∏±‡πâ‡∏ô,2455
‡∏õ‡∏£‡∏™‡∏¥‡∏ï,2456
‡∏ó‡∏±‡∏Å‡∏ó‡∏≤‡∏¢,2457
‡∏à‡∏∏,2458
‡∏ó‡∏±‡πâ‡∏á‡πÇ‡∏•‡∏Å,2459
‡∏ï‡∏±‡πä‡∏ö‡∏ï‡∏±‡πä‡∏ö~,2460
‡∏£‡πâ‡∏≠‡∏á,2461
‡∏Ç‡∏¢‡∏±‡∏ö,2462
‡∏ä‡∏≤,2463
‡∏ö‡∏≤‡∏á‡∏Ñ‡∏£‡∏±‡πâ‡∏á,2464
‡∏ú‡πà‡∏≤‡∏ô‡πÜ,2465
‡πÄ‡πÄ‡∏ï‡πà,2466
‡∏Ç‡∏≥,2467
‡∏´‡∏ô‡πâ‡∏≤‡∏î‡πâ‡∏≤‡∏ô,2468
‡∏ô‡πà‡∏≤‡∏≠‡∏¢‡∏π‡πà,2469
‡πÅ‡∏´‡∏•‡πà‡∏á,2470
‡∏™‡∏ß‡∏¢‡∏á‡∏≤‡∏°,2471
‡πÄ‡∏ú‡∏ä‡∏¥‡∏ç,2472
‡πÉ‡∏´‡πâ‡∏≠‡∏†‡∏±‡∏¢,2473
‡πÄ‡∏ó‡πà‡∏≤‡πÑ‡∏£,2474
‡πÄ‡∏õ‡∏¥‡∏î‡πÉ‡∏à,2475
‡∏ò‡∏£‡∏£‡∏°‡∏î‡∏≤‡πÜ,2476
‡∏Å‡∏£‡∏±‡∏Å,2477
‡∏õ‡∏•‡∏≠‡∏ö‡πÉ‡∏à,2478
‡∏õ‡∏£‡∏±‡∏ö‡∏õ‡∏£‡∏∏‡∏á,2479
‡πÄ‡∏õ‡πá‡∏ô‡∏û‡∏¥‡πÄ‡∏®‡∏©,2480
‡∏Ñ‡∏ß‡∏≤‡∏°‡πÄ‡∏õ‡πá‡∏ô‡∏´‡πà‡∏ß‡∏á,2481
‡∏ï‡∏±‡∏ß‡πÄ‡∏£‡∏≤,2482
‡∏™‡∏±‡∏°‡∏†‡πÄ‡∏ß‡∏™‡∏µ,2483
‡∏™‡∏¥‡∏á,2484
‡∏®‡∏≤‡∏•,2485
‡∏Æ‡∏∞,2486
‡πÑ‡∏´‡∏ß‡πâ,2487
‡πÇ‡∏≠‡πâ‡πÇ‡∏´,2488
‡∏ó‡∏µ‡πà‡∏™‡∏≠‡∏á,2489
‡∏Ñ‡∏∏‡∏ì‡∏ú‡∏π‡πâ‡∏ä‡∏≤‡∏¢,2490
‡πÄ‡∏™‡∏ô‡∏≠,2491
‡∏•‡∏î,2492
‡∏Ñ‡∏ß‡∏≤‡∏°‡πÄ‡∏™‡∏µ‡πà‡∏¢‡∏á,2493
‡∏î‡∏¥‡∏â‡∏±‡∏ô,2494
‡πÅ‡∏ï‡πà‡∏ß‡πà‡∏≤,2495
‡∏£‡∏∞‡∏°‡∏±‡∏î‡∏£‡∏∞‡∏ß‡∏±‡∏á,2496
‡πÉ‡∏´‡πâ‡∏Ñ‡∏ß‡∏≤‡∏°‡∏£‡πà‡∏ß‡∏°‡∏°‡∏∑‡∏≠,2497
‡∏õ‡∏£‡∏∞‡πÇ‡∏¢‡∏ä‡∏ô‡πå,2498
‡∏ú‡∏•‡∏±‡∏Å‡∏†‡∏≤‡∏£‡∏∞,2499
‡πÄ‡∏õ‡∏•‡∏µ‡πà‡∏¢‡∏ô‡πÉ‡∏à,2500
187,2501
‡∏ú‡∏π‡πâ‡πÉ‡∏î,2502
‡∏û‡∏ö‡πÄ‡∏´‡πá‡∏ô,2503
‡πÇ‡∏î,2504
‡πÄ‡∏ã‡∏¥‡∏ü,2505
‡∏ô‡∏≠‡∏Å‡∏à‡∏≤‡∏Å,2506
‡πÅ‡∏ï‡πà‡∏•‡∏∞,2507
‡∏û‡∏µ‡∏Ñ,2508
‡∏£‡πâ‡∏≤,2509
‡∏•‡∏≥‡πÑ‡∏¢,2510
‡∏•‡∏∏‡∏¢,2511
‡πÉ‡∏ä‡πâ‡∏ä‡∏µ‡∏ß‡∏¥‡∏ï,2512
‡πÑ‡∏•‡∏ü‡πå‡∏™‡πÑ‡∏ï‡∏•‡πå,2513
‡πÇ‡∏´‡∏î,2514
‡∏à‡∏±‡∏ö‡∏à‡∏∏‡∏î,2515
‡∏ã‡πà‡∏≠‡∏ô‡πÄ‡∏£‡πâ‡∏ô,2516
‡∏î‡πâ‡∏≠‡∏¢,2517
‡∏à‡∏¥‡∏Å‡∏´‡∏±‡∏ß,2518
‡∏£‡πà‡∏≥‡πÑ‡∏õ,2519
‡∏à‡∏≠‡∏á,2520
‡∏®‡∏≤‡∏•‡∏≤‡∏ß‡∏±‡∏î,2521
‡∏´‡∏≤‡∏á‡πÄ‡∏™‡∏µ‡∏¢‡∏á,2522
‡∏ô‡πà‡∏≤‡∏™‡∏ô‡πÉ‡∏à,2523
‡∏ï‡∏±‡∏ß‡∏î‡∏µ,2524
‡∏ô‡∏±‡πà‡∏á‡πÄ‡∏•‡πà‡∏ô,2525
‡∏°‡∏µ‡∏Ñ‡πà‡∏≤,2526
‡∏ï‡∏≠‡∏ô‡∏Å‡∏•‡∏≤‡∏á‡∏ß‡∏±‡∏ô,2527
‡∏£‡πâ‡∏≠‡∏ô,2528
‡∏Å‡∏£‡∏µ‡πä‡∏î,2529
‡∏ú‡∏π‡πâ‡πÄ‡∏™‡∏µ‡∏¢‡∏´‡∏≤‡∏¢,2530
‡∏ö‡∏£‡∏¥‡∏©‡∏±‡∏ó,2531
‡∏™‡∏π‡∏ç,2532
‡∏™‡∏¥‡∏ö,2533
‡πÄ‡∏á‡∏µ‡πà‡∏¢‡∏ô,2534
‡∏£‡∏µ‡∏ü,2535
‡πÄ‡∏ü‡∏Ñ,2536
‡∏≠‡∏≠‡∏Å‡∏ã‡∏¥‡πÄ‡∏à‡∏ô,2537
‡∏ù‡∏≤‡∏¢,2538
‡∏•‡∏°,2539
‡∏Å‡∏£‡∏≤‡∏ö‡πÑ‡∏´‡∏ß‡πâ,2540
‡πÑ‡∏ï‡∏£‡∏°‡∏≤‡∏™,2541
‡πÄ‡∏£‡∏∑‡πà‡∏≠‡∏á‡∏à‡∏£‡∏¥‡∏á,2542
‡∏á‡∏±‡πâ‡∏ô,2543
‡∏°‡∏µ‡∏´‡∏±‡∏ß,2544
‡∏ß‡∏Ñ.,2545
555555555555,2546
‡∏û‡∏¥‡∏ô‡∏≤‡∏®,2547
‡∏Ñ‡∏¥‡∏î‡∏°‡∏≤‡∏Å,2548
‡∏´‡∏•‡∏±‡∏ö,2549
‡πÄ‡∏•‡∏¥‡∏Å‡πÄ‡∏£‡∏µ‡∏¢‡∏ô,2550
‡∏´‡∏≠,2551
‡∏Å‡∏µ‡∏ï‡πâ‡∏≤‡∏£‡πå,2552
‡∏Ñ‡∏≠‡∏£‡πå‡∏î,2553
‡∏Å‡∏±‡∏á‡∏ß‡∏•,2554
‡∏¢‡∏¢‡∏¢üòç,2555
‡πÄ‡∏£‡∏µ‡∏¢‡∏ß,2556
‡∏â‡πà‡∏≥,2557
‡∏ß‡∏≤‡∏ß,2558
‡∏•‡∏∞‡∏°‡∏∏‡∏ô,2559
‡∏ô‡∏∏‡πâ‡∏á,2560
üë∂üíö,2561
üíã#,2562
‡∏ú‡∏¥‡∏ß‡∏´‡∏ô‡πâ‡∏≤,2563
‡∏ö‡∏≥‡∏£‡∏∏‡∏á,2564
üõç,2565
99,2566
‡∏ö.,2567
‡∏ä‡πâ‡∏≠‡∏õ,2568
‡πÑ‡∏î‡πâ‡∏ó‡∏µ‡πà,2569
24,2570
shopping,2571
-eleven,2572
üìå,2573
03,2574
orange,2575
coral,2576
05,2577
sunset,2578
‡∏Å‡∏•‡∏≤‡∏¢‡∏û‡∏±‡∏ô‡∏ò‡∏∏‡πå,2579
‡πÄ‡∏õ‡πá‡∏ô‡∏ï‡∏±‡∏ß,2580
‡∏õ‡∏≤‡∏Å‡∏°‡∏≤‡∏Å,2581
‡∏ô‡πà‡∏≤‡∏£‡∏±‡∏á‡πÄ‡∏Å‡∏µ‡∏¢‡∏à,2582
‡∏¢‡∏µ‡πä‡πÜ,2583
‡∏û‡∏µ‡πà‡∏ô‡πâ‡∏≠‡∏á,2584
‡∏ä‡πà‡∏ß‡∏¢‡πÄ‡∏´‡∏•‡∏∑‡∏≠,2585
‡∏ú‡∏π‡πâ‡∏ö‡∏£‡∏¥‡∏´‡∏≤‡∏£,2586
‡∏ò‡∏∏‡∏£‡∏Å‡∏¥‡∏à,2587
‡πÄ‡∏ö‡∏≠‡∏£‡πå,2588
‡πÄ‡∏õ‡πá‡∏ô‡∏ï‡∏±‡∏ß‡∏Ç‡∏≠‡∏á‡∏ï‡∏±‡∏ß‡πÄ‡∏≠‡∏á,2589
‡∏Ñ‡∏ß‡∏≤‡∏°‡∏™‡∏∏‡∏Ç,2590
‡∏†‡∏π‡∏°‡∏¥‡πÉ‡∏à,2591
‡∏à‡∏á,2592
‡∏Ñ‡∏ß‡∏≤‡∏°‡∏ù‡∏±‡∏ô,2593
‡∏û‡∏±‡∏ô,2594
‡∏£‡∏≠‡∏ö‡πÄ‡∏≠‡∏ß,2595
‡πÄ‡∏Ç‡πá‡∏°‡∏Ç‡∏±‡∏î,2596
‡∏™‡∏∑‡πà‡∏≠‡∏°‡∏ß‡∏•‡∏ä‡∏ô,2597
‡∏Ñ‡∏≠‡∏£‡πå‡∏£‡∏±‡∏õ‡∏ä‡∏±‡πà‡∏ô,2598
‡∏£‡∏±‡∏ê‡∏°‡∏ô‡∏ï‡∏£‡∏µ,2599
‡∏Ñ‡∏∑‡∏ô‡πÄ‡∏á‡∏¥‡∏ô,2600
‡πÄ‡∏´‡∏°,2601
‡∏°‡∏µ‡∏Ñ‡∏£‡∏≠‡∏ö‡∏Ñ‡∏£‡∏±‡∏ß,2602
‡∏≠‡∏ö‡∏≠‡∏∏‡πà‡∏ô,2603
‡πÄ‡∏õ‡∏•‡∏∑‡∏≠‡∏á‡πÄ‡∏ß‡∏•‡∏≤,2604
‡∏™‡∏±‡∏á,2605
‡πÄ‡∏Å‡∏ï‡∏∏,2606
‡∏ã‡∏∏‡πà‡∏°,2607
‡πÄ‡∏´‡∏•‡∏µ‡πà‡∏¢‡∏°,2608
‡∏ú‡∏±‡∏Å‡∏ä‡∏µ‡πÇ‡∏£‡∏¢‡∏´‡∏ô‡πâ‡∏≤,2609
‡∏ä‡∏µ‡∏ß‡∏¥‡∏ï‡∏à‡∏£‡∏¥‡∏á,2610
‡∏•‡∏∏‡πâ‡∏ô,2611
‡πÄ‡∏Ç‡πá‡∏°,2612
‡∏´‡∏ô‡πâ‡∏≤‡∏ï‡∏±‡∏ß‡πÄ‡∏°‡∏µ‡∏¢,2613
‡∏Ç‡∏µ‡πâ‡∏Ñ‡∏£‡πâ‡∏≤‡∏ô,2614
‡πÄ‡∏≠‡∏≤‡πÄ‡∏õ‡∏£‡∏µ‡∏¢‡∏ö,2615
‡πÉ‡∏°‡πà,2616
‡∏õ‡∏£‡∏¥‡∏ô‡∏ó‡πå,2617
‡∏ï‡∏ô,2618
‡∏™‡∏≤‡∏£‡∏Ñ‡∏î‡∏µ,2619
‡πÄ‡∏à‡∏≤‡∏∞‡∏•‡∏∂‡∏Å,2620
‡πÄ‡∏£‡∏∑‡πà‡∏≠‡∏á‡∏£‡∏≤‡∏ß,2621
‡∏≠‡∏∏‡∏ï‡∏™‡∏≤‡∏´‡∏Å‡∏£‡∏£‡∏°‡∏Å‡∏≤‡∏£‡∏ú‡∏•‡∏¥‡∏ï,2622
‡∏≠‡∏≤‡∏´‡∏≤‡∏£,2623
‡∏ñ‡∏∂‡∏á‡πÅ‡∏Å‡πà‡∏ô,2624
‡πÇ‡∏™‡∏°‡∏°,2625
‡∏≠‡∏¥‡∏ó‡∏ò‡∏¥‡∏û‡∏•,2626
‡∏•‡∏±‡∏ö,2627
‡∏°‡∏µ‡∏ú‡∏•‡∏ï‡πà‡∏≠,2628
‡πÅ‡∏ï‡πà‡∏•‡∏∞‡∏ß‡∏±‡∏ô,2629
‡∏à‡∏¥‡∏ï‡πÅ‡∏û‡∏ó‡∏¢‡πå,2630
‡∏õ‡∏¥‡∏î‡∏ö‡∏±‡∏á,2631
‡πÄ‡∏ï‡πá‡∏°‡πÜ,2632
‡∏Ñ‡∏¥‡∏î‡∏î‡∏π,2633
‡∏Ç‡πâ‡∏≠,2634
‡πÇ‡∏Ñ‡∏£‡∏á‡∏™‡∏£‡πâ‡∏≤‡∏á,2635
‡∏´‡∏•‡∏≤‡∏¢‡πÄ‡∏ó‡πà‡∏≤,2636
‡πÅ‡∏ï‡πà‡∏ó‡∏ß‡πà‡∏≤,2637
‡πÄ‡∏Å‡πà‡∏≤‡πÅ‡∏Å‡πà,2638
‡πÅ‡∏Ç‡πá‡∏á,2639
‡∏£‡∏á,2640
‡∏ô‡∏≠‡∏Å‡∏à‡∏≤‡∏Å‡∏ô‡∏µ‡πâ,2641
‡∏™‡∏¥‡πà‡∏á‡∏°‡∏µ‡∏ä‡∏µ‡∏ß‡∏¥‡∏ï,2642
‡πÇ‡∏ö‡∏£‡∏≤‡∏ì,2643
95,2644
‡πÄ‡∏õ‡∏≠‡∏£‡πå‡πÄ‡∏ã‡πá‡∏ô‡∏ï‡πå,2645
‡∏ñ‡∏≠‡∏î,2646
‡∏¢‡∏¥‡πà‡∏á‡πÉ‡∏´‡∏ç‡πà,2647
üòüüòë,2648
‡∏ó‡πâ‡∏≠,2649
‡∏ô‡πâ‡∏∞,2650
‡∏•‡πâ‡∏ß,2651
‡πÄ‡∏á‡∏≤,2652
‡πÅ‡∏¢‡πà‡∏à‡∏±‡∏á,2653
‡∏ô‡∏±‡∏Å‡πÄ‡∏Ç‡∏µ‡∏¢‡∏ô,2654
‡∏ä‡∏∑‡πà‡∏≠‡∏î‡∏±‡∏á,2655
‡∏Ç‡∏µ‡πâ‡∏ï‡∏≤,2656
‡∏ï‡∏∑‡πà‡∏ô‡πÄ‡∏ï‡πâ‡∏ô,2657
‡∏Å‡∏ó‡∏°.,2658
‡πÄ‡∏°‡∏∑‡πà‡∏≠‡∏ß‡∏≤‡∏ô,2659
‡∏î‡∏µ‡πÉ‡∏à,2660
‡∏´‡∏•‡∏±‡∏á‡∏à‡∏≤‡∏Å‡∏ô‡∏µ‡πâ,2661
‡∏Ç‡πâ‡∏≤‡∏á‡πÉ‡∏ô,2662
‡∏≠‡∏ß‡∏¢,2663
‡∏û‡∏≠‡∏Å‡∏±‡∏ö,2664
‡∏Ç‡πâ‡∏≠‡∏î‡∏µ,2665
improve,2666
‡πÄ‡∏õ‡∏•‡∏∑‡∏≠‡∏á,2667
‡πÄ‡∏û‡πâ‡∏≠‡∏ù‡∏±‡∏ô,2668
‡πÅ‡∏ó‡∏á‡πÉ‡∏à,2669
‡∏ï‡∏±‡∏™,2670
‡∏î‡∏π‡∏î‡∏ß‡∏á,2671
‡∏£‡∏≤‡∏®‡∏µ,2672
‡∏Å‡∏£‡∏∏‡πä‡∏õ,2673
‡πÅ‡∏°‡πà‡∏ô,2674
x,2675
‡∏ó‡∏≥‡πÄ‡∏≠‡∏≤,2676
‡∏ô‡∏∂‡∏Å‡∏î‡∏π,2677
‡∏Å‡∏£‡∏∞‡πÇ‡∏õ‡∏£‡∏á,2678
‡∏ô‡πà‡∏≤‡πÄ‡∏™‡∏µ‡∏¢‡∏î‡∏≤‡∏¢,2679
‡∏Ñ‡∏ô‡∏£‡∏∏‡πà‡∏ô‡πÉ‡∏´‡∏°‡πà,2680
‡∏Ñ‡∏≥‡∏Å‡∏•‡πà‡∏≤‡∏ß‡∏≠‡πâ‡∏≤‡∏á,2681
‡πÄ‡∏™‡∏û,2682
‡∏Å‡∏∞‡∏•‡∏≤,2683
‡∏ó‡∏≠‡∏ô,2684
‡πÄ‡∏ï‡∏¥‡∏ö,2685
‡πÄ‡∏ä‡∏µ‡πà‡∏¢‡∏•,2686
‡∏ù‡∏±‡∏á‡∏´‡∏±‡∏ß,2687
‡∏ö‡∏¥‡∏î‡πÄ‡∏ö‡∏∑‡∏≠‡∏ô,2688
‡πÄ‡∏•‡∏∞,2689
‡∏ï‡πà‡∏≤‡∏á‡∏ä‡∏≤‡∏ï‡∏¥,2690
‡πÄ‡∏£‡∏µ‡∏¢‡∏á‡∏•‡∏≥‡∏î‡∏±‡∏ö,2691
‡∏Ñ‡∏ß‡∏≤‡∏°‡πÄ‡∏à‡∏£‡∏¥‡∏ç,2692
‡πÄ‡∏Å‡∏µ‡∏¢‡∏£‡∏ï‡∏¥‡∏ô‡∏¥‡∏¢‡∏°,2693
‡∏õ‡∏∂‡πä‡∏Å,2694
ü§¶ü§¶,2695
‡∏£‡∏∂‡∏õ‡∏•‡πà‡∏≤‡∏ß,2696
‡∏ô‡∏°‡∏Ç‡πâ‡∏ô,2697
‡∏ä‡∏π,2698
‡πÄ‡∏£‡∏¥‡πà‡∏î,2699
‡∏Ç‡∏≠‡πÄ‡∏ß‡∏•‡∏≤,2700
‡∏≠‡∏µ‡∏Å‡πÑ‡∏°‡πà‡∏ô‡∏≤‡∏ô,2701
‡∏´‡∏¥‡∏ß‡∏Ç‡πâ‡∏≤‡∏ß,2702
‡πÇ‡∏ß‡πâ‡∏¢,2703
‡∏ß‡∏¥‡∏ö‡∏±‡∏ï‡∏¥,2704
‡∏ó‡∏±‡πâ‡∏á‡∏ä‡∏≤‡∏ï‡∏¥,2705
‡∏≠‡∏∂‡πã‡∏°,2706
‡πÄ‡∏ï‡πá‡∏°‡∏ó‡∏µ‡πà,2707
‡πÑ‡∏´‡∏ô‡∏à‡∏∞,2708
‡∏ã‡πà‡∏≠‡∏ô‡∏ï‡∏±‡∏ß,2709
‡∏ô‡∏±‡∏ö‡∏ñ‡∏∑‡∏≠,2710
ü¶∂üèª,2711
‡∏ù‡πà‡∏≤,2712
‡πÇ‡∏õ‡∏£‡∏î,2713
‡∏ö‡∏±‡∏ô‡∏ó‡∏∂‡∏Å,2714
‡∏õ‡∏£‡∏∞‡∏ß‡∏±‡∏ï‡∏¥,2715
‡∏ï‡∏Å‡∏ó‡∏≠‡∏î,2716
‡∏ó‡∏≤‡∏¢‡∏≤‡∏ó,2717
‡∏ô‡∏±‡∏Å‡∏£‡πâ‡∏≠‡∏á,2718
‡πÅ‡∏´‡∏•,2719
‡∏•‡∏π‡∏Å‡∏ä‡∏≤‡∏¢,2720
‡πÅ‡∏ö‡∏£‡∏ô‡∏î‡πå,2721
‡πÄ‡∏ô‡∏°,2722
‡πÄ‡∏™‡∏µ‡∏¢‡∏î‡∏™‡∏µ,2723
‡∏°‡∏µ‡∏õ‡∏£‡∏∞‡πÇ‡∏¢‡∏ä‡∏ô‡πå,2724
‡∏£‡∏≠‡∏î‡πÑ‡∏õ,2725
‡∏ô‡∏≠‡∏Å‡∏ö‡πâ‡∏≤‡∏ô,2726
‡∏ï‡∏•‡∏≠‡∏î‡πÄ‡∏ß‡∏•‡∏≤,2727
‡∏ã‡∏±‡∏ö‡∏ã‡πâ‡∏≠‡∏ô,2728
twitter,2729
‡∏Ñ‡πÄ‡∏≤‡∏ó‡πå,2730
‡πÉ‡∏î,2731
‡∏™‡πÑ‡∏ï‡∏•‡πå,2732
‡∏ï‡∏£‡∏á ‡πÜ,2733
‡πÄ‡∏à‡∏ô,2734
‡πÅ‡∏ï‡πà‡∏Å‡∏•‡∏±‡∏ö,2735
‡∏Ñ‡∏ß‡∏≤‡∏°‡πÄ‡∏Å‡πà‡∏á,2736
‡πÄ‡∏ó‡πà‡∏≤‡∏Å‡∏±‡∏ö,2737
‡∏ñ‡∏∂‡∏á‡∏Ç‡∏ô‡∏≤‡∏î,2738
‡πÄ‡∏û‡∏¥‡∏Å‡πÄ‡∏â‡∏¢,2739
‡∏Ñ‡∏≥‡∏™‡∏±‡πà‡∏á‡∏®‡∏≤‡∏•,2740
‡∏ï‡πà‡∏≠‡πÄ‡∏ï‡∏¥‡∏°,2741
‡πÇ‡∏Ñ‡∏£‡∏á‡∏Å‡∏≤‡∏£,2742
‡∏´‡πâ‡∏≠‡∏á‡∏ä‡∏∏‡∏î,2743
‡∏≠‡∏±‡∏ô‡∏î‡∏±‡∏ö,2744
‡∏°‡∏µ‡∏™‡∏ï‡∏¥,2745
‡∏ï‡∏à,2746
‡∏Å‡πà‡∏≠‡∏ô‡∏ó‡∏µ‡πà‡∏à‡∏∞,2747
‡∏Ñ‡∏ß‡∏≤‡∏°‡πÄ‡∏õ‡πá‡∏ô‡∏Å‡∏•‡∏≤‡∏á,2748
‡πÅ‡∏Ç‡∏¢‡∏á,2749
‡∏°‡∏¥‡∏™,2750
‡πÄ‡∏Ñ‡∏ô,2751
‡πÄ‡∏Å‡πà,2752
‡∏™‡∏¥‡∏ó‡∏ò‡∏¥‡∏™‡∏ï‡∏£‡∏µ,2753
‡∏ï‡∏∞‡∏•‡∏≠‡∏ô,2754
dm,2755
‡πÇ‡∏•‡∏á,2756
‡∏™‡∏∏‡∏Ç‡∏†‡∏≤‡∏û‡∏à‡∏¥‡∏ï,2757
‡∏Ñ‡∏•‡∏≠‡∏á,2758
‡∏Ç‡πâ‡∏≤‡∏°,2759
‡∏Ñ‡∏∏‡πâ‡∏°,2760
‡πÄ‡∏Ñ‡∏•‡∏∑‡πà‡∏≠‡∏ô‡πÑ‡∏´‡∏ß,2761
‡πÇ‡∏ã‡πÄ‡∏ä‡∏µ‡∏¢‡∏•,2762
‡∏™‡∏µ‡πâ,2763
‡πÄ‡∏à‡πä,2764
‡∏û‡∏≠‡πÉ‡∏ä‡πâ,2765
‡∏•‡∏µ‡∏•‡∏≤,2766
‡∏Ç‡πà‡∏≠‡∏¢,2767
‡πÄ‡∏Å‡∏µ‡πà‡∏¢‡∏ß‡∏Å‡∏±‡∏ö,2768
‡πÄ‡∏û‡∏∑‡πà‡∏≠‡∏ô‡∏ö‡πâ‡∏≤‡∏ô,2769
‡∏°‡∏¥‡∏™‡πÄ‡∏ï‡∏≠‡∏£‡πå,2770
‡∏ï‡∏¥‡∏î‡∏Ñ‡∏∏‡∏Å,2771
‡∏î‡∏π‡∏î‡∏ô‡∏°,2772
‡∏ß‡∏¥‡∏™‡∏±‡∏¢,2773
‡∏°‡∏µ‡∏ä‡∏µ‡∏ß‡∏¥‡∏ï,2774
‡πÄ‡∏Å‡∏•‡∏µ‡∏¢‡∏î‡∏ä‡∏±‡∏á,2775
‡∏û‡∏¥‡∏Å‡∏•,2776
‡∏™‡∏∏‡∏î‡πÅ‡∏•‡πâ‡∏ß‡πÅ‡∏ï‡πà,2777
‡πÅ‡∏ô‡∏ß,2778
‡πÅ‡∏Ñ‡∏°‡πÄ‡∏õ‡∏ç,2779
‡∏ä‡∏ô‡∏∞‡∏Ç‡∏≤‡∏î‡∏•‡∏≠‡∏¢,2780
‡∏ï‡∏∂‡∏Å,2781
‡∏ñ‡∏•‡πà‡∏°,2782
‡πÑ‡∏î‡πâ‡∏°‡∏≤,2783
‡πÇ‡∏ã‡πÇ‡∏•‡πà,2784
‡∏ó‡∏∏‡∏Å‡∏ó‡∏µ,2785
‡πÄ‡∏Ç‡πâ‡∏°,2786
‡∏Ñ‡∏ô‡πÅ‡∏Å‡πà,2787
happy,2788
new,2789
year,2790
2020,2791
‡∏ó‡∏∏‡∏Å‡πÜ,2792
‡πÄ‡∏ó‡∏µ‡πà‡∏¢‡∏ß,2793
‡πÄ‡∏î‡∏¥‡∏ô‡∏ó‡∏≤‡∏á,2794
‡∏õ‡∏•‡∏≠‡∏î‡∏†‡∏±‡∏¢,2795
‡∏Ç‡∏≠‡∏ö,2796
‡∏Ñ‡∏∏,2797
‡∏á‡∏∏‡πâ‡∏¢‡∏¢,2798
ezra,2799
‡πÉ‡∏à‡πÉ‡∏´‡∏ç‡πà,2800
‡∏∞‡∏∞‡∏∞,2801
‡∏î‡∏∏‡πä‡∏Å‡∏î‡∏¥‡πä‡∏Å,2802
‡πÜ‡πÜ‡πÜ‡πÜ‡πÜ,2803
t,2804
‚Äî,2805
-t,2806
‡πÅ‡∏´‡∏°‡∏∞,2807
‡∏û‡∏∑‡πâ‡∏ô,2808
‡∏Å‡∏•‡∏¥‡πâ‡∏á,2809
‡∏£‡∏õ‡∏†.,2810
‡∏ä‡∏ô‡∏ä‡∏±‡πâ‡∏ô‡∏•‡πà‡∏≤‡∏á,2811
‡∏£‡∏±‡∏á‡πÅ‡∏Å,2812
‡∏£‡∏±‡∏Å‡∏©‡πå,2813
‡∏Å‡∏≤‡∏£‡∏ï‡∏•‡∏≤‡∏î,2814
‡∏¢‡∏∏‡πà‡∏¢,2815
‡πÅ‡∏ä‡πà,2816
‡πÅ‡∏£‡πâ‡∏ß,2817
‡∏à‡πã‡∏≤,2818
‡∏õ‡∏£‡∏∞‡πÇ‡∏¢‡∏Ñ,2819
‡∏Ñ‡∏π,2820
‡∏ï‡∏±‡∏î‡∏ï‡πà‡∏≠,2821
‡∏à‡∏¥‡∏á‡πÇ‡∏à‡πâ,2822
‡∏ô‡πà‡∏≤‡∏´‡∏°‡∏±‡πà‡∏ô‡πÑ‡∏™‡πâ,2823
‡πÇ‡∏Å‡πâ,2824
‡∏ä‡πà‡∏≤‡∏á‡∏™‡∏±‡∏á‡πÄ‡∏Å‡∏ï,2825
‡∏ñ‡πà‡∏≤‡∏¢‡∏†‡∏≤‡∏û,2826
‡∏™‡∏ñ‡∏≤‡∏ô‡∏µ,2827
‡∏£‡∏ñ‡πÑ‡∏ü‡πÉ‡∏ï‡πâ‡∏î‡∏¥‡∏ô,2828
‡πÅ‡∏´‡πà‡∏á,2829
‡∏•‡∏≠‡∏ô‡∏î‡∏≠‡∏ô,2830
‡∏≠‡∏±‡∏á‡∏Å‡∏§‡∏©,2831
‡∏Ç‡∏ô‡∏°‡∏õ‡∏±‡∏á,2832
‡∏´‡∏•‡πà‡∏ô,2833
‡πÄ‡∏õ‡πá‡∏ô‡∏´‡πà‡∏ß‡∏á,2834
‡∏ä‡πà‡∏≤‡∏á‡∏†‡∏≤‡∏û,2835
‡πÑ‡∏î‡πâ‡∏£‡∏±‡∏ö‡∏ö‡∏≤‡∏î‡πÄ‡∏à‡πá‡∏ö,2836
‡∏•‡πâ‡∏°‡∏ï‡∏≤‡∏¢,2837
‡∏ó‡∏µ‡πà‡πÜ,2838
‡∏†‡∏≤‡∏û‡∏¢‡∏ô‡∏ï‡∏£‡πå,2839
‡∏ï‡∏¥‡∏ß,2840
‡∏¢‡∏≤‡∏á,2841
‡∏£‡πâ‡∏≠‡∏ô‡∏ï‡∏±‡∏ß,2842
‡πÇ‡∏•,2843
‡∏û‡∏¢‡∏≤‡∏ö‡∏≤‡∏•,2844
‡∏ï‡∏≤‡πÄ‡∏´‡∏•‡πà,2845
‡πÄ‡∏ö‡πâ‡∏≤,2846
‡∏™‡∏∞‡πÄ‡∏≠‡∏≠‡∏∞,2847
‡∏Å‡∏≤‡∏£‡∏Ñ‡∏ô,2848
what,2849
‡πÄ‡∏ü‡∏µ‡πâ‡∏¢‡∏ß,2850
‡∏ô‡πà‡∏≤‡∏¢‡∏Å‡∏¢‡πà‡∏≠‡∏á,2851
‡∏™‡∏£‡∏£‡πÄ‡∏™‡∏£‡∏¥‡∏ç,2852
‡πÉ‡∏ä‡πâ‡πÄ‡∏ß‡∏•‡∏≤,2853
‡∏õ‡∏£‡∏±‡∏ö,2854
‡∏°‡∏∏‡∏°‡∏°‡∏≠‡∏á,2855
‡∏ö‡∏±‡∏ç‡∏ä‡∏µ,2856
‡πÄ‡∏Å‡∏µ‡πà‡∏¢‡∏ß‡∏Ç‡πâ‡∏≠‡∏á,2857
‡πÄ‡∏®‡∏£‡πâ‡∏≤,2858
‡∏Ñ‡∏ô‡πÄ‡∏Å‡πà‡∏á,2859
‡∏ó‡∏µ‡πà‡∏°‡∏≤,2860
‡∏ï‡∏Å‡∏Ç‡πà‡∏≤‡∏ß,2861
‡∏ï‡∏≤‡∏°‡∏´‡∏≤,2862
‡∏Å‡∏£‡∏∞‡∏ó‡∏π‡πâ,2863
‡∏Å‡∏£‡∏∞‡∏ö‡∏∑‡∏≠,2864
‡πÄ‡∏î‡πá‡∏Å‡∏ô‡πâ‡∏≠‡∏¢,2865
‡πÄ‡∏û‡∏¥‡πà‡∏°,2866
‡πÄ‡∏°‡∏¥‡∏á,2867
immunology,2868
oxford,2869
‡∏≤‡∏≤,2870
‡∏ã‡∏¥‡∏Å,2871
‡∏ó‡∏±‡πâ‡∏á‡∏ï‡∏±‡∏ß,2872
‡πÅ‡∏Ç‡∏ß‡∏ô,2873
‡∏ô‡πâ‡∏≥‡∏ï‡∏≤,2874
‡∏Ñ‡∏•‡∏≠,2875
‡∏ö‡∏±‡∏ô‡πÄ‡∏ó‡∏¥‡∏á,2876
‡∏ó‡∏≥‡∏ä‡∏±‡πà‡∏ß,2877
‡∏ó‡πâ‡∏≤,2878
‡∏à‡∏±‡πä‡∏Å‡πÄ‡∏£‡πâ‡∏Ñ‡∏á,2879
‡πÄ‡∏ó‡∏µ‡∏¢‡∏ß,2880
‡∏õ‡∏£‡∏∞‡πÄ‡∏™‡∏£‡∏¥‡∏ê,2881
‡∏ó‡∏£‡∏±‡∏û‡∏¢‡πå,2882
‡πÄ‡∏ï‡πà‡∏≤,2883
‡∏Å‡∏±‡∏î,2884
‡∏ö‡πà‡∏á‡∏ö‡∏≠‡∏Å,2885
‡∏≠‡∏ö‡∏£‡∏°‡∏™‡∏±‡πà‡∏á‡∏™‡∏≠‡∏ô,2886
‡∏Ñ‡∏ß‡∏≤‡∏°‡∏≠‡∏ö‡∏≠‡∏∏‡πà‡∏ô,2887
‡∏¢‡∏±‡∏á‡∏Å‡∏∞,2888
‡∏®‡∏¥‡∏•‡∏≤,2889
‡∏Ñ‡∏ô‡∏•‡∏∞,2890
‡∏Å‡∏≤‡πÅ‡∏•,2891
‡∏û‡∏£‡∏µ‡πÄ‡∏ã‡∏ô‡πÄ‡∏ï‡∏≠‡∏£‡πå,2892
‡∏Ñ‡∏£‡∏µ‡∏°,2893
‡∏´‡∏°‡∏≤‡∏¢‡∏ñ‡∏∂‡∏á,2894
‡∏ß‡∏î‡∏µ,2895
‡πÄ‡∏Ç‡∏¢‡πà‡∏á,2896
‡∏õ‡∏£‡∏ö‡∏°‡∏∑‡∏≠,2897
‡∏£‡∏±‡∏ß,2898
‡∏Ñ‡∏≤‡∏´‡∏ô‡∏±‡∏á‡∏Ñ‡∏≤‡πÄ‡∏Ç‡∏≤,2899
‡∏Å‡∏±‡∏Å‡∏ï‡∏∏‡∏ô,2900
‡∏≠‡∏ô‡∏≤‡∏°‡∏±‡∏¢,2901
‡∏¢‡∏∏,2902
‡πÄ‡∏£‡∏∑‡πà‡∏≠‡∏á‡πÉ‡∏´‡∏ç‡πà,2903
‡∏°‡∏π‡∏•‡πÄ‡∏´‡∏ï‡∏∏,2904
‡∏Ñ‡∏≥‡∏ï‡∏≠‡∏ö,2905
‡∏û‡∏ß‡∏Å‡∏ú‡∏°,2906
‡πÄ‡∏ö‡∏ö‡∏µ‡πã,2907
üòò,2908
‡πÄ‡∏ß‡∏•‡∏≤‡πÄ‡∏£‡∏µ‡∏¢‡∏ô,2909
‡∏´‡∏±‡πà‡∏ô,2910
‡πÄ‡∏õ‡πá‡∏ô‡∏Ñ‡∏£‡∏±‡πâ‡∏á‡πÅ‡∏£‡∏Å,2911
‡∏™‡∏ß‡∏£‡∏£‡∏Ñ‡πå,2912
‡∏≠‡∏∑‡∏≠,2913
‡∏´‡∏∑‡∏≠,2914
‡πÄ‡∏™‡∏≤,2915
‡πÑ‡∏ü,2916
‡πÄ‡πÄ‡∏ß‡∏ß,2917
how,2918
to,2919
‡∏à‡∏∑‡∏î,2920
‡πÄ‡∏£‡πà‡∏á‡∏°‡∏∑‡∏≠,2921
‡∏™‡∏≥‡∏≠‡∏≠‡∏¢,2922
‡∏ß‡∏ß‡∏ß,2923
‡∏°.,2924
‡∏Ñ‡∏¥‡∏î‡∏´‡∏ô‡∏±‡∏Å,2925
‡∏°‡∏µ‡∏™‡πà‡∏ß‡∏ô,2926
‡∏ï‡πâ‡∏≠‡∏á‡∏Å‡∏≤‡∏£,2927
‡∏´‡∏≤‡πÄ‡∏á‡∏¥‡∏ô,2928
‡∏î‡∏ß‡∏á‡∏ï‡∏≤,2929
‡∏ß‡∏¥‡∏ö‡∏ß‡∏±‡∏ö,2930
‡∏ó‡πâ‡∏≠‡∏á‡∏ü‡πâ‡∏≤,2931
‡∏¢‡∏≤‡∏°‡∏Ñ‡πà‡∏≥‡∏Ñ‡∏∑‡∏ô,2932
ü§©ü§©,2933
‡∏Å‡∏£‡∏∞‡∏à‡∏≠‡∏Å,2934
‡∏Ç‡πâ‡∏≠‡∏Ñ‡∏ß‡∏≤‡∏°,2935
‡∏ó‡πà‡∏≠‡∏ô,2936
hook,2937
‡πÄ‡∏ï‡πâ‡∏ô,2938
‡∏Ç‡∏µ‡πâ‡πÄ‡∏Å‡∏µ‡∏¢‡∏à,2939
‡∏™‡πà‡∏≠‡∏á‡∏Å‡∏£‡∏∞‡∏à‡∏Å,2940
‡∏î‡∏π‡∏î‡∏¥,2941
‡πÄ‡∏°‡∏∑‡πà‡∏≠‡∏Ñ‡∏∑‡∏ô,2942
‡∏ß‡∏¥‡∏ß,2943
‡πÄ‡∏Ç‡πâ‡∏≤‡∏ô‡∏≠‡∏ô,2944
üåô,2945
‡∏´‡∏•‡∏±‡∏ß,2946
‡∏≠‡∏±‡∏ô‡∏ô‡πâ‡∏≠‡∏¢,2947
‡πÄ‡∏£‡∏µ‡∏¢‡∏ö‡∏£‡πâ‡∏≠‡∏¢,2948
‡∏™‡∏ö‡∏≤‡∏¢‡∏î‡∏µ,2949
‡∏´‡πà‡∏ß‡∏á,2950
‡∏™‡∏±‡πà‡∏á‡∏Å‡∏≤‡∏£,2951
‡∏£‡∏≤‡∏¢‡∏á‡∏≤‡∏ô,2952
‡∏£‡∏≤,2953
‡πÑ‡∏ã‡∏ï‡πå,2954
‡∏õ‡∏£‡∏±‡∏ö‡πÄ‡∏õ‡∏•‡∏µ‡πà‡∏¢‡∏ô,2955
‡∏¢‡∏∏‡∏Ñ‡∏™‡∏°‡∏±‡∏¢,2956
‡πÅ‡∏ß‡∏ß‡∏ï‡∏≤,2957
‡∏•‡∏ô,2958
‡∏î‡∏π‡∏á‡∏≤‡∏ô,2959
‡∏Å‡∏≤‡∏£‡∏•‡πâ‡∏°,2960
‡∏≠‡πà‡∏≠‡∏¢,2961
‡πÄ‡∏ô‡∏µ‡∏¢‡∏ô,2962
‡∏´‡∏°‡∏∑‡πà‡∏ô,2963
‡∏î‡∏ß‡∏á‡∏à‡∏±‡∏ô‡∏ó‡∏£‡πå,2964
‡∏õ‡∏•‡∏≤‡∏™‡∏•‡∏¥‡∏î,2965
‡∏â‡∏µ‡∏î‡∏¢‡∏≤,2966
‡πÄ‡πÄ‡∏ö‡∏ö,2967
‡πÄ‡∏´‡πá‡∏ô‡∏†‡∏≤‡∏û,2968
!!!,2969
‡∏™‡∏ô,2970
‡∏ß‡∏±‡∏ô‡∏î‡∏µ,2971
‡∏ñ‡∏∏‡∏á‡πÄ‡∏ó‡πâ‡∏≤,2972
32.14,2973
quote,2974
‡∏™‡∏á,2975
‡πÄ‡∏Ñ‡∏£‡∏≤‡∏∞‡∏´‡∏∑,2976
‡πÄ‡∏Å‡∏≤‡∏´‡∏•‡∏µ,2977
‡πÄ‡∏ã‡πá‡∏ô,2978
‡∏ó‡∏µ‡πà‡∏ó‡∏≥‡∏á‡∏≤‡∏ô,2979
‡πÄ‡∏•‡πà‡∏´‡πå‡πÄ‡∏´‡∏•‡∏µ‡πà‡∏¢‡∏°,2980
‡∏ß‡∏¥‡∏ô‡∏≤‡∏ó‡∏µ,2981
